doc_id,cite,type,canonical,exists,injected,overcaptured_key_string,outcome,reason,context
doc-0001,Civil Rule 913(b),rule,civ 913(b),False,fabricated_rule,False,hit,,
doc-0001,AS 25.24.946,statute,AS 25.24.946,False,fabricated_statute,False,hit,,
doc-0001,Civil Rule 907(a),rule,civ 907(a),False,fabricated_rule,False,hit,,
doc-0001,AS 25.24.220,statute,AS 25.24.220,True,genuine,False,hit,,
doc-0001,AS 25.20.070,statute,AS 25.20.070,True,genuine,False,hit,,
doc-0001,AS 25.24.220(h),statute,AS 25.24.220(h),True,genuine,False,hit,,
doc-0001,AS 25.24.160,statute,AS 25.24.160,True,genuine,False,hit,,
doc-0001,AS 25.24.160(a),statute,AS 25.24.160(a),True,genuine,False,hit,,
doc-0001,AS 25.24.220(d),statute,AS 25.24.220(d),True,genuine,False,hit,,
doc-0001,AS 25.24.200(a),statute,AS 25.24.200(a),True,genuine,False,hit,,
doc-0001,Civil Rule 90.3,rule,civ 90.3,True,genuine,False,hit,,
doc-0001,Civil Rule 90.3(f),rule,civ 90.3(f),True,genuine,False,hit,,
doc-0001,Rule 90.3,rule,civ 90.3,True,genuine,False,hit,,
doc-0001,"Ruppe v. Ruppe, 358 P.3d 1284 (Alaska 2015)",case,358 P.3d 1284,True,genuine,False,hit,,
doc-0001,"Faulkner v. Goldfuss, 46 P.3d 993 (Alaska 2002)",case,46 P.3d 993,True,genuine,False,hit,,
doc-0001,"Ronny M. v. Nanette H., 303 P.3d 392 (Alaska 2013)",case,303 P.3d 392,True,genuine,False,hit,,
doc-0001,"Bunn v. House, 934 P.2d 753 (Alaska 1997)",case,934 P.2d 753,True,genuine,False,hit,,
doc-0001,"Rowen v. Rowen, 963 P.2d 249 (Alaska 1998)",case,963 P.2d 249,True,genuine,False,hit,,
doc-0001,"Marine v. Marine, 957 P.2d 314 (Alaska 1998)",case,957 P.2d 314,True,genuine,False,hit,,
doc-0002,AS 25.24.200,statute,AS 25.24.200,True,genuine,False,hit,,
doc-0002,AS 25.24.220(h),statute,AS 25.24.220(h),True,genuine,False,hit,,
doc-0002,AS 25.24.160(a),statute,AS 25.24.160(a),True,genuine,False,hit,,
doc-0002,AS 25.24.230(a),statute,AS 25.24.230(a),True,genuine,False,hit,,
doc-0002,AS 25.24.230(b),statute,AS 25.24.230(b),True,genuine,False,hit,,
doc-0002,AS 25.24.160,statute,AS 25.24.160,True,genuine,False,hit,,
doc-0002,AS 25.24.200(a),statute,AS 25.24.200(a),True,genuine,False,hit,,
doc-0002,AS 25.24.220,statute,AS 25.24.220,True,genuine,False,hit,,
doc-0002,AS 25.24.230,statute,AS 25.24.230,True,genuine,False,hit,,
doc-0002,AS 25.24.220(d),statute,AS 25.24.220(d),True,genuine,False,hit,,
doc-0002,AS 25.24.230(f),statute,AS 25.24.230(f),True,genuine,False,hit,,
doc-0002,AS 25.24.220(i),statute,AS 25.24.220(i),True,genuine,False,hit,,
doc-0002,AS 25.24.250,statute,AS 25.24.250,True,genuine,False,hit,,
doc-0002,AS 25.24.250(c),statute,AS 25.24.250(c),True,genuine,False,hit,,
doc-0002,AS 25.24.220(a),statute,AS 25.24.220(a),True,genuine,False,hit,,
doc-0002,AS 25.24.220(b),statute,AS 25.24.220(b),True,genuine,False,hit,,
doc-0002,Civil Rule 90.3,rule,civ 90.3,True,genuine,False,hit,,
doc-0002,Civil Rule 90.3(a),rule,civ 90.3(a),True,genuine,False,hit,,
doc-0002,Civil Rule 90.3(b),rule,civ 90.3(b),True,genuine,False,hit,,
doc-0002,Rule 90.3,rule,civ 90.3,True,genuine,False,hit,,
doc-0002,"In Ruppe v. Ruppe, 358 P.3d 1284 (Alaska 2015)",case,358 P.3d 1284,True,genuine,True,hit,,
doc-0002,"In Sandberg v. Sandberg, 322 P.3d 879 (Alaska 2014)",case,322 P.3d 879,True,genuine,True,hit,,
doc-0002,"In Hockema v. Hockema, 403 P.3d 1080 (Alaska 2017)",case,403 P.3d 1080,True,genuine,True,hit,,
doc-0002,"In Sharon Thompson v. Everett Thompson, 454 P.3d 981 (Alaska 2019)",case,454 P.3d 981,True,genuine,True,hit,,
doc-0002,"In Laughlin v. Laughlin, 229 P.3d 1002 (Alaska 2010)",case,229 P.3d 1002,True,genuine,True,hit,,
doc-0002,"In Osterkamp v. Stiles, 235 P.3d 178 (Alaska 2010)",case,235 P.3d 178,True,genuine,True,hit,,
doc-0002,"Sandberg v. Sandberg, 322 P.3d 879 (Alaska 2014)",case,322 P.3d 879,True,genuine,False,hit,,
doc-0002,"Sharon Thompson v. Everett Thompson, 454 P.3d 981 (Alaska 2019)",case,454 P.3d 981,True,genuine,False,hit,,
doc-0002,"Laughlin v. Laughlin, 229 P.3d 1002 (Alaska 2010)",case,229 P.3d 1002,True,genuine,False,hit,,
doc-0002,"Ruppe v. Ruppe, 358 P.3d 1284 (Alaska 2015)",case,358 P.3d 1284,True,genuine,False,hit,,
doc-0002,"Hockema v. Hockema, 403 P.3d 1080 (Alaska 2017)",case,403 P.3d 1080,True,genuine,False,hit,,
doc-0002,"Osterkamp v. Stiles, 235 P.3d 178 (Alaska 2010)",case,235 P.3d 178,True,genuine,False,hit,,
doc-0003,AS 25.20.060,statute,AS 25.20.060,True,genuine,False,hit,,
doc-0003,AS 25.24.150(c),statute,AS 25.24.150(c),True,genuine,False,hit,,
doc-0003,AS 25.20.060(b),statute,AS 25.20.060(b),True,genuine,False,hit,,
doc-0003,AS 25.20.070,statute,AS 25.20.070,True,genuine,False,hit,,
doc-0003,AS 25.24.150(g),statute,AS 25.24.150(g),True,genuine,False,hit,,
doc-0003,AS 25.20.060(c),statute,AS 25.20.060(c),True,genuine,False,hit,,
doc-0003,Civil Rule 90.3(a),rule,civ 90.3(a),True,genuine,False,hit,,
doc-0003,Civil Rule 90.3(b),rule,civ 90.3(b),True,genuine,False,hit,,
doc-0003,Civil Rule 90.3(f),rule,civ 90.3(f),True,genuine,False,hit,,
doc-0003,Civil Rule 90.3,rule,civ 90.3,True,genuine,False,hit,,
doc-0003,"In West v. Lawson, 951 P.2d 1200 (Alaska 1998)",case,951 P.2d 1200,True,genuine,True,hit,,
doc-0003,"Havel v. Havel, 216 P.3d 1148 (Alaska 2009)",case,216 P.3d 1148,True,genuine,False,hit,,
doc-0003,"Mendel-Gleason v. Harris, 261 P.3d 397 (Alaska 2011)",case,261 P.3d 397,True,genuine,False,hit,,
doc-0003,"Peterson v. Swarthout, 214 P.3d 332 (Alaska 2009)",case,214 P.3d 332,True,genuine,False,hit,,
doc-0003,"West v. Lawson, 951 P.2d 1200 (Alaska 1998)",case,951 P.2d 1200,True,genuine,False,hit,,
doc-0003,"In Havel v. Havel, 216 P.3d 1148 (Alaska 2009)",case,216 P.3d 1148,True,genuine,True,hit,,
doc-0003,"Andrea C. v. Marcus K., 355 P.3d 521 (Alaska 2015)",case,355 P.3d 521,True,genuine,False,hit,,
doc-0003,"In Rooney v. Rooney, 914 P.2d 212 (Alaska 1996)",case,914 P.2d 212,True,genuine,True,hit,,
doc-0004,AS 25.20.060,statute,AS 25.20.060,True,genuine,False,hit,,
doc-0004,AS 25.30.300,statute,AS 25.30.300,True,genuine,False,hit,,
doc-0004,AS 25.24.150(c),statute,AS 25.24.150(c),True,genuine,False,hit,,
doc-0004,AS 25.20.060(b),statute,AS 25.20.060(b),True,genuine,False,hit,,
doc-0004,AS 25.20.060(c),statute,AS 25.20.060(c),True,genuine,False,hit,,
doc-0004,AS 25.20.070,statute,AS 25.20.070,True,genuine,False,hit,,
doc-0004,AS 25.24.150(g),statute,AS 25.24.150(g),True,genuine,False,hit,,
doc-0004,AS 25.30.300(a),statute,AS 25.30.300(a),True,genuine,False,hit,,
doc-0004,AS 25.30.300(b),statute,AS 25.30.300(b),True,genuine,False,hit,,
doc-0004,AS 25.20.060(a),statute,AS 25.20.060(a),True,genuine,False,hit,,
doc-0004,AS 25.24.150,statute,AS 25.24.150,True,genuine,False,hit,,
doc-0004,Civil Rule 86(l),rule,civ 86(l),True,genuine,False,hit,,
doc-0004,Civil Rule 90.7(a),rule,civ 90.7(a),True,genuine,False,hit,,
doc-0004,Civil Rule 90.7(e),rule,civ 90.7(e),True,genuine,False,hit,,
doc-0004,Civil Rule 90.3(a),rule,civ 90.3(a),True,genuine,False,hit,,
doc-0004,Civil Rule 90.3(f),rule,civ 90.3(f),True,genuine,False,hit,,
doc-0004,Civil Rule 90.3(b),rule,civ 90.3(b),True,genuine,False,hit,,
doc-0004,"In Carle v. Carle, 503 P.2d 1050 (Alaska 1972)",case,503 P.2d 1050,True,genuine,True,hit,,
doc-0004,"In Pingree v. Cossette, 424 P.3d 371 (Alaska 2018)",case,424 P.3d 371,True,genuine,True,hit,,
doc-0004,"In Jaymot v. Skillings-Donat, 216 P.3d 534 (Alaska 2009)",case,216 P.3d 534,True,genuine,True,hit,,
doc-0004,"In Jayda Roman v. Cleveland Karren, 461 P.3d 1252 (Alaska 2020)",case,461 P.3d 1252,True,genuine,True,hit,,
doc-0004,"In Mendel-Gleason v. Harris, 261 P.3d 397 (Alaska 2011)",case,261 P.3d 397,True,genuine,True,hit,,
doc-0004,"In Sarah D. v. John D., 352 P.3d 419 (Alaska 2015)",case,352 P.3d 419,True,genuine,True,hit,,
doc-0004,"In Brian Ott v. Haley Runa, 463 P.3d 180 (Alaska 2020)",case,463 P.3d 180,True,genuine,True,hit,,
doc-0005,AS 25.24.980,statute,AS 25.24.980,False,fabricated_statute,False,hit,,
doc-0005,AS 25.20.936,statute,AS 25.20.936,False,fabricated_statute,False,hit,,
doc-0005,Civil Rule 975(b),rule,civ 975(b),False,fabricated_rule,False,hit,,
doc-0005,AS 25.20.110(a),statute,AS 25.20.110(a),True,genuine,False,hit,,
doc-0005,AS 25.24.150(d),statute,AS 25.24.150(d),True,genuine,False,hit,,
doc-0005,AS 25.20.090(6),statute,AS 25.20.090(6),True,genuine,False,hit,,
doc-0005,AS 25.20.090(5),statute,AS 25.20.090(5),True,genuine,False,hit,,
doc-0005,AS 25.30.310(a),statute,AS 25.30.310(a),True,genuine,False,hit,,
doc-0005,Civil Rule 90.3,rule,civ 90.3,True,genuine,False,hit,,
doc-0005,Civil Rule 90.3(a),rule,civ 90.3(a),True,genuine,False,hit,,
doc-0005,Civil Rule 90.3(f),rule,civ 90.3(f),True,genuine,False,hit,,
doc-0005,"Nelson v. Nelson, 263 P.3d 49 (Alaska 2011)",case,263 P.3d 49,True,genuine,False,hit,,
doc-0005,"Barrett v. Alguire, 35 P.3d 1 (Alaska 2001)",case,35 P.3d 1,True,genuine,False,hit,,
doc-0005,"Tompkins v. Tompkins, 961 P.2d 419 (Alaska 1998)",case,961 P.2d 419,True,genuine,False,hit,,
doc-0005,"Ronny M. v. Nanette H., 303 P.3d 392 (Alaska 2013)",case,303 P.3d 392,True,genuine,False,hit,,
doc-0005,"Hayes v. Hayes, 922 P.2d 896 (Alaska 1996)",case,922 P.2d 896,True,genuine,False,hit,,
doc-0006,AS 25.20.110(a),statute,AS 25.20.110(a),True,genuine,False,hit,,
doc-0006,AS 25.24.150(c),statute,AS 25.24.150(c),True,genuine,False,hit,,
doc-0006,AS 25.20.090,statute,AS 25.20.090,True,genuine,False,hit,,
doc-0006,AS 25.24.150(g),statute,AS 25.24.150(g),True,genuine,False,hit,,
doc-0006,AS 25.20.070,statute,AS 25.20.070,True,genuine,False,hit,,
doc-0006,AS 25.20.090(5),statute,AS 25.20.090(5),True,genuine,False,hit,,
doc-0006,AS 25.20.090(6),statute,AS 25.20.090(6),True,genuine,False,hit,,
doc-0006,Civil Rule 90.3(a),rule,civ 90.3(a),True,genuine,False,hit,,
doc-0006,Civil Rule 90.3(b),rule,civ 90.3(b),True,genuine,False,hit,,
doc-0006,Alaska R. Evid. 706(a),rule,evid 706(a),True,genuine,False,hit,,
doc-0006,"In Nelson v. Nelson, 263 P.3d 49 (Alaska 2011)",case,263 P.3d 49,True,genuine,True,hit,,
doc-0006,"Nelson v. Nelson, 263 P.3d 49 (Alaska 2011)",case,263 P.3d 49,True,genuine,False,hit,,
doc-0006,"Iverson v. Griffith, 180 P.3d 943 (Alaska 2008)",case,180 P.3d 943,True,genuine,False,hit,,
doc-0006,"In Tompkins v. Tompkins, 961 P.2d 419 (Alaska 1998)",case,961 P.2d 419,True,genuine,True,hit,,
doc-0006,"Rego v. Rego, 259 P.3d 447 (Alaska 2011)",case,259 P.3d 447,True,genuine,False,hit,,
doc-0007,AS 18.66.100,statute,AS 18.66.100,True,genuine,False,hit,,
doc-0007,AS 18.66.100(b),statute,AS 18.66.100(b),True,genuine,False,hit,,
doc-0007,AS 18.66.100(c),statute,AS 18.66.100(c),True,genuine,False,hit,,
doc-0007,AS 18.66.990(3),statute,AS 18.66.990(3),True,genuine,False,hit,,
doc-0007,AS 18.66.990(5),statute,AS 18.66.990(5),True,genuine,False,hit,,
doc-0007,AS 18.66.100(e),statute,AS 18.66.100(e),True,genuine,False,hit,,
doc-0007,AS 18.66.130(a),statute,AS 18.66.130(a),True,genuine,False,hit,,
doc-0007,Civil Rule 3(h),rule,civ 3(h),True,genuine,False,hit,,
doc-0007,Civil Rule 65.1,rule,civ 65.1,True,genuine,False,hit,,
doc-0007,"Whalen v. Whalen, 425 P.3d 150 (Alaska 2018)",case,425 P.3d 150,True,genuine,False,hit,,
doc-0007,"State v. Strane, 61 P.3d 1284 (Alaska 2003)",case,61 P.3d 1284,True,genuine,False,hit,,
doc-0007,"Williams v. Barbee, 243 P.3d 995 (Alaska 2010)",case,243 P.3d 995,True,genuine,False,hit,,
doc-0007,"Thomas v. Thomas, 171 P.3d 98 (Alaska 2007)",case,171 P.3d 98,True,genuine,False,hit,,
doc-0007,"Jmr v. Str, 15 P.3d 253 (Alaska 2001)",case,15 P.3d 253,True,genuine,False,hit,,
doc-0007,"Cooper v. Cooper, 144 P.3d 451 (Alaska 2006)",case,144 P.3d 451,True,genuine,False,hit,,
doc-0007,"Reed v. Parrish, 286 P.3d 1054 (Alaska 2012)",case,286 P.3d 1054,True,genuine,False,hit,,
doc-0007,"Veronica Louise Hudson v. Daniel Lee Hudson, 532 P.3d 272 (Alaska 2023)",case,532 P.3d 272,True,genuine,False,hit,,
doc-0008,Civil Rule 945(h),rule,civ 945(h),False,fabricated_rule,False,hit,,
doc-0008,Civil Rule 903(e),rule,civ 903(e),False,fabricated_rule,False,hit,,
doc-0008,AS 18.66.100,statute,AS 18.66.100,True,genuine,False,hit,,
doc-0008,AS 18.66.100(b),statute,AS 18.66.100(b),True,genuine,False,hit,,
doc-0008,AS 18.66.100(c),statute,AS 18.66.100(c),True,genuine,False,hit,,
doc-0008,AS 18.66.110(a),statute,AS 18.66.110(a),True,genuine,False,hit,,
doc-0008,AS 18.66.130(a),statute,AS 18.66.130(a),True,genuine,False,hit,,
doc-0008,AS 18.66.110,statute,AS 18.66.110,True,genuine,False,hit,,
doc-0008,AS 25.24.140(b),statute,AS 25.24.140(b),True,genuine,False,hit,,
doc-0008,AS 18.66.180,statute,AS 18.66.180,True,genuine,False,hit,,
doc-0008,AS 25.24.140(d),statute,AS 25.24.140(d),True,genuine,False,hit,,
doc-0008,Civil Rule 65.1,rule,civ 65.1,True,genuine,False,hit,,
doc-0008,"In Thomas v. Thomas, 171 P.3d 98 (Alaska 2007)",case,171 P.3d 98,True,genuine,True,hit,,
doc-0008,"In Whalen v. Whalen, 425 P.3d 150 (Alaska 2018)",case,425 P.3d 150,True,genuine,True,hit,,
doc-0008,"State v. Strane, 61 P.3d 1284 (Alaska 2003)",case,61 P.3d 1284,True,genuine,False,hit,,
doc-0008,"In Jason Thomas Armstrong v. Lacie Rebecca Ann Chance, 541 P.3d 1128 (Alaska 2024)",case,541 P.3d 1128,True,genuine,True,hit,,
doc-0008,"Wee v. Eggener, 225 P.3d 1120 (Alaska 2010)",case,225 P.3d 1120,True,genuine,False,hit,,
doc-0009,"Peter Chapman v. Julia Chapman, 725 P.3d 476 (Alaska 2025)",case,725 P.3d 476,False,wrong_reporter,False,hit,,
doc-0009,"Headlough v. Headlough, 534 P.2d 633 (Alaska 1982)",case,534 P.2d 633,False,wrong_reporter,False,hit,,
doc-0009,Civil Rule 977(c),rule,civ 977(c),False,fabricated_rule,False,hit,,
doc-0009,AS 25.20.110(a),statute,AS 25.20.110(a),True,genuine,False,hit,,
doc-0009,AS 25.24.170(a),statute,AS 25.24.170(a),True,genuine,False,hit,,
doc-0009,AS 25.27.060(a),statute,AS 25.27.060(a),True,genuine,False,hit,,
doc-0009,Rule 90.3,rule,civ 90.3,True,genuine,False,hit,,
doc-0009,"Berkbigler v. Berkbigler, 921 P.2d 628 (Alaska 1996)",case,921 P.2d 628,True,genuine,False,hit,,
doc-0009,"Holmes v. Holmes, 414 P.3d 662 (Alaska 2018)",case,414 P.3d 662,True,genuine,False,hit,,
doc-0009,"In Headlough v. Headlough, 639 P.2d 1010 (Alaska 1982)",case,639 P.2d 1010,True,genuine,True,hit,,
doc-0009,"Mitchell v. Mitchell, 370 P.3d 1070 (Alaska 2016)",case,370 P.3d 1070,True,genuine,False,hit,,
doc-0010,Civil Rule 901(a),rule,civ 901(a),False,fabricated_rule,False,hit,,
doc-0010,"Shanigan v. Shanigan, 536 P.3d 438 (Alaska 2017)",case,536 P.3d 438,False,wrong_reporter,False,hit,,
doc-0010,Civil Rule 988(a),rule,civ 988(a),False,fabricated_rule,False,hit,,
doc-0010,AS 25.24.170,statute,AS 25.24.170,True,genuine,False,hit,,
doc-0010,Civil Rule 90.3,rule,civ 90.3,True,genuine,False,hit,,
doc-0010,Civil Rule 90.3(f),rule,civ 90.3(f),True,genuine,False,hit,,
doc-0010,"Holmes v. Holmes, 414 P.3d 662 (Alaska 2018)",case,414 P.3d 662,True,genuine,False,hit,,
doc-0010,"Mitchell v. Mitchell, 370 P.3d 1070 (Alaska 2016)",case,370 P.3d 1070,True,genuine,False,hit,,
doc-0010,"Flannery v. Flannery, 950 P.2d 126 (Alaska 1997)",case,950 P.2d 126,True,genuine,False,hit,,
doc-0011,Civil Rule 994(d),rule,civ 994(d),False,fabricated_rule,False,hit,,
doc-0011,AS 25.24.969,statute,AS 25.24.969,False,fabricated_statute,False,lenient_hit,subsection differs,
doc-0011,"Restol v. Manshen, 530 P.3d 812 (Alaska 2007)",case,530 P.3d 812,False,fabricated_case,False,hit,,
doc-0011,AS 25.24.160,statute,AS 25.24.160,True,genuine,False,hit,,
doc-0011,AS 25.24.200,statute,AS 25.24.200,True,genuine,False,hit,,
doc-0011,AS 25.24.210,statute,AS 25.24.210,True,genuine,False,hit,,
doc-0011,AS 25.24.220,statute,AS 25.24.220,True,genuine,False,hit,,
doc-0011,AS 25.24.310,statute,AS 25.24.310,True,genuine,False,hit,,
doc-0011,AS 25.24.220(d),statute,AS 25.24.220(d),True,genuine,False,hit,,
doc-0011,AS 25.24.220(f),statute,AS 25.24.220(f),True,genuine,False,hit,,
doc-0011,AS 25.24.155,statute,AS 25.24.155,True,genuine,False,hit,,
doc-0011,AS 25.24.155(a),statute,AS 25.24.155(a),True,genuine,False,hit,,
doc-0011,Civil Rule 90.3,rule,civ 90.3,True,genuine,False,hit,,
doc-0011,Civil Rule 90.3(f),rule,civ 90.3(f),True,genuine,False,hit,,
doc-0011,Civil Rule 90.3(a),rule,civ 90.3(a),True,genuine,False,hit,,
doc-0011,Civil Rule 90.1(e),rule,civ 90.1(e),True,genuine,False,hit,,
doc-0011,"In Odom v. Odom, 141 P.3d 324 (Alaska 2006)",case,141 P.3d 324,True,genuine,True,hit,,
doc-0011,"Schmitz v. Schmitz, 88 P.3d 1116 (Alaska 2004)",case,88 P.3d 1116,True,genuine,False,hit,,
doc-0011,"In Ruppe v. Ruppe, 358 P.3d 1284 (Alaska 2015)",case,358 P.3d 1284,True,genuine,True,hit,,
doc-0011,"In Siggelkow v. Siggelkow, 643 P.2d 985 (Alaska 1982)",case,643 P.2d 985,True,genuine,True,hit,,
doc-0012,AS 25.20.110(a),statute,AS 25.20.110(a),True,genuine,False,hit,,
doc-0012,AS 25.24.160(a),statute,AS 25.24.160(a),True,genuine,False,hit,,
doc-0012,AS 25.24.200,statute,AS 25.24.200,True,genuine,False,hit,,
doc-0012,AS 25.24.210,statute,AS 25.24.210,True,genuine,False,hit,,
doc-0012,AS 25.24.220(d),statute,AS 25.24.220(d),True,genuine,False,hit,,
doc-0012,AS 25.24.220(h),statute,AS 25.24.220(h),True,genuine,False,hit,,
doc-0012,AS 25.24.200(a),statute,AS 25.24.200(a),True,genuine,False,hit,,
doc-0012,AS 25.24.220(i),statute,AS 25.24.220(i),True,genuine,False,hit,,
doc-0012,AS 25.24.250(c),statute,AS 25.24.250(c),True,genuine,False,hit,,
doc-0012,Civil Rule 90.3(a),rule,civ 90.3(a),True,genuine,False,hit,,
doc-0012,Civil Rule 90.3(b),rule,civ 90.3(b),True,genuine,False,hit,,
doc-0012,"Dragseth v. Dragseth, 210 P.3d 1206 (Alaska 2009)",case,210 P.3d 1206,True,genuine,False,hit,,
doc-0012,"Helen S.K. v. Samuel M.K., 288 P.3d 463 (Alaska 2012)",case,288 P.3d 463,True,genuine,False,hit,,
doc-0012,"Sharon Thompson v. Everett Thompson, 454 P.3d 981 (Alaska 2019)",case,454 P.3d 981,True,genuine,False,hit,,
doc-0012,"Brown v. Brown, 914 P.2d 206 (Alaska 1996)",case,914 P.2d 206,True,genuine,False,hit,,
doc-0012,"In Day v. Williams, 285 P.3d 256 (Alaska 2012)",case,285 P.3d 256,True,genuine,True,hit,,
doc-0012,"Partridge v. Partridge, 239 P.3d 680 (Alaska 2010)",case,239 P.3d 680,True,genuine,False,hit,,
doc-0012,"Green v. Green, 29 P.3d 854 (Alaska 2001)",case,29 P.3d 854,True,genuine,False,hit,,
doc-0013,Civil Rule 908(a),rule,civ 908(a),False,fabricated_rule,False,hit,,
doc-0013,AS 25.20.969,statute,AS 25.20.969,False,fabricated_statute,False,hit,,
doc-0013,AS 25.24.150(c),statute,AS 25.24.150(c),True,genuine,False,hit,,
doc-0013,AS 25.20.090,statute,AS 25.20.090,True,genuine,False,hit,,
doc-0013,AS 25.24.160(a),statute,AS 25.24.160(a),True,genuine,False,hit,,
doc-0013,AS 25.24.150,statute,AS 25.24.150,True,genuine,False,hit,,
doc-0013,AS 25.20.090(3),statute,AS 25.20.090(3),True,genuine,False,hit,,
doc-0013,AS 25.20.090(4),statute,AS 25.20.090(4),True,genuine,False,hit,,
doc-0013,AS 25.24.160,statute,AS 25.24.160,True,genuine,False,hit,,
doc-0013,Civil Rule 90.3,rule,civ 90.3,True,genuine,False,hit,,
doc-0013,Civil Rule 90.3(b),rule,civ 90.3(b),True,genuine,False,hit,,
doc-0013,"Brown v. Brown, 914 P.2d 206 (Alaska 1996)",case,914 P.2d 206,True,genuine,False,hit,,
doc-0013,"Faulkner v. Goldfuss, 46 P.3d 993 (Alaska 2002)",case,46 P.3d 993,True,genuine,False,hit,,
doc-0013,"Child Support Enforcement Division v. Bromley, 987 P.2d 183 (Alaska 1999)",case,987 P.2d 183,True,genuine,False,hit,,
doc-0013,"Ruppe v. Ruppe, 358 P.3d 1284 (Alaska 2015)",case,358 P.3d 1284,True,genuine,False,hit,,
doc-0013,"Sharon Thompson v. Everett Thompson, 454 P.3d 981 (Alaska 2019)",case,454 P.3d 981,True,genuine,False,hit,,
doc-0013,"Bergstrom v. Lindback, 779 P.2d 1235 (Alaska 1989)",case,779 P.2d 1235,True,genuine,False,hit,,
doc-0014,Civil Rule 935,rule,civ 935,False,fabricated_rule,False,hit,,
doc-0014,Civil Rule 932(a),rule,civ 932(a),False,fabricated_rule,False,hit,,
doc-0014,AS 25.20.908,statute,AS 25.20.908,False,fabricated_statute,False,hit,,
doc-0014,AS 25.24.200,statute,AS 25.24.200,True,genuine,False,hit,,
doc-0014,AS 25.20.090,statute,AS 25.20.090,True,genuine,False,hit,,
doc-0014,AS 25.24.160,statute,AS 25.24.160,True,genuine,False,hit,,
doc-0014,AS 25.24.220,statute,AS 25.24.220,True,genuine,False,hit,,
doc-0014,AS 25.20.090(4),statute,AS 25.20.090(4),True,genuine,False,hit,,
doc-0014,AS 25.20.090(6),statute,AS 25.20.090(6),True,genuine,False,hit,,
doc-0014,AS 25.20.090(2),statute,AS 25.20.090(2),True,genuine,False,hit,,
doc-0014,AS 25.24.160(a),statute,AS 25.24.160(a),True,genuine,False,hit,,
doc-0014,AS 25.24.200(a),statute,AS 25.24.200(a),True,genuine,False,hit,,
doc-0014,AS 25.24.220(d),statute,AS 25.24.220(d),True,genuine,False,hit,,
doc-0014,AS 25.24.220(h),statute,AS 25.24.220(h),True,genuine,False,hit,,
doc-0014,AS 25.24.220(g),statute,AS 25.24.220(g),True,genuine,False,hit,,
doc-0014,Civil Rule 90.3(b),rule,civ 90.3(b),True,genuine,False,hit,,
doc-0014,"Schmitz v. Schmitz, 88 P.3d 1116 (Alaska 2004)",case,88 P.3d 1116,True,genuine,False,hit,,
doc-0014,"Faulkner v. Goldfuss, 46 P.3d 993 (Alaska 2002)",case,46 P.3d 993,True,genuine,False,hit,,
doc-0014,"Bergstrom v. Lindback, 779 P.2d 1235 (Alaska 1989)",case,779 P.2d 1235,True,genuine,False,hit,,
doc-0014,"Flannery v. Flannery, 950 P.2d 126 (Alaska 1997)",case,950 P.2d 126,True,genuine,False,hit,,
doc-0014,"Beal v. Beal, 209 P.3d 1012 (Alaska 2009)",case,209 P.3d 1012,True,genuine,False,hit,,
doc-0014,"Sandberg v. Sandberg, 322 P.3d 879 (Alaska 2014)",case,322 P.3d 879,True,genuine,False,hit,,
doc-0015,AS 25.24.200,statute,AS 25.24.200,True,genuine,False,hit,,
doc-0015,AS 25.24.210,statute,AS 25.24.210,True,genuine,False,hit,,
doc-0015,AS 25.24.220,statute,AS 25.24.220,True,genuine,False,hit,,
doc-0015,AS 25.20.110,statute,AS 25.20.110,True,genuine,False,hit,,
doc-0015,AS 25.24.160(a),statute,AS 25.24.160(a),True,genuine,False,hit,,
doc-0015,AS 25.24.200(a),statute,AS 25.24.200(a),True,genuine,False,hit,,
doc-0015,AS 25.24.220(d),statute,AS 25.24.220(d),True,genuine,False,hit,,
doc-0015,AS 25.24.220(h),statute,AS 25.24.220(h),True,genuine,False,hit,,
doc-0015,AS 25.24.210(e),statute,AS 25.24.210(e),True,genuine,False,hit,,
doc-0015,AS 25.24.220(i),statute,AS 25.24.220(i),True,genuine,False,hit,,
doc-0015,Civil Rule 90.3,rule,civ 90.3,True,genuine,False,hit,,
doc-0015,Civil Rule 90.3(a),rule,civ 90.3(a),True,genuine,False,hit,,
doc-0015,Civil Rule 90.3(b),rule,civ 90.3(b),True,genuine,False,hit,,
doc-0015,Rule 90.3(a),rule,civ 90.3(a),True,genuine,False,hit,,
doc-0015,Rule 90.3,rule,civ 90.3,True,genuine,False,hit,,
doc-0015,Rule 90.3(b),rule,civ 90.3(b),True,genuine,False,hit,,
doc-0015,"See Schmitz v. Schmitz, 88 P.3d 1116 (Alaska 2004)",case,88 P.3d 1116,True,genuine,True,hit,,
doc-0015,"Faulkner v. Goldfuss, 46 P.3d 993 (Alaska 2002)",case,46 P.3d 993,True,genuine,False,hit,,
doc-0015,"Child Support Enforcement Division v. Bromley, 987 P.2d 183 (Alaska 1999)",case,987 P.2d 183,True,genuine,False,hit,,
doc-0015,"Ruppe v. Ruppe, 358 P.3d 1284 (Alaska 2015)",case,358 P.3d 1284,True,genuine,False,hit,,
doc-0015,"Rowen v. Rowen, 963 P.2d 249 (Alaska 1998)",case,963 P.2d 249,True,genuine,False,hit,,
doc-0015,"Brown v. Brown, 914 P.2d 206 (Alaska 1996)",case,914 P.2d 206,True,genuine,False,hit,,
doc-0015,"Sharon Thompson v. Everett Thompson, 454 P.3d 981 (Alaska 2019)",case,454 P.3d 981,True,genuine,False,hit,,
doc-0016,AS 25.24.908,statute,AS 25.24.908,False,fabricated_statute,False,lenient_hit,subsection differs,
doc-0016,AS 25.24.905,statute,AS 25.24.905,False,fabricated_statute,False,lenient_hit,subsection differs,
doc-0016,AS 25.24.986,statute,AS 25.24.986,False,fabricated_statute,False,lenient_hit,subsection differs,
doc-0016,AS 25.24.200,statute,AS 25.24.200,True,genuine,False,hit,,
doc-0016,AS 25.24.220,statute,AS 25.24.220,True,genuine,False,hit,,
doc-0016,AS 25.20.090,statute,AS 25.20.090,True,genuine,False,hit,,
doc-0016,AS 25.24.200(a),statute,AS 25.24.200(a),True,genuine,False,hit,,
doc-0016,AS 25.24.220(h),statute,AS 25.24.220(h),True,genuine,False,hit,,
doc-0016,AS 25.24.220(i),statute,AS 25.24.220(i),True,genuine,False,hit,,
doc-0016,AS 25.24.200(c),statute,AS 25.24.200(c),True,genuine,False,hit,,
doc-0016,Civil Rule 90.3(a),rule,civ 90.3(a),True,genuine,False,hit,,
doc-0016,Civil Rule 90.3(b),rule,civ 90.3(b),True,genuine,False,hit,,
doc-0016,Civil Rule 90.1(e),rule,civ 90.1(e),True,genuine,False,hit,,
doc-0016,"Partridge v. Partridge, 239 P.3d 680 (Alaska 2010)",case,239 P.3d 680,True,genuine,False,hit,,
doc-0016,"Green v. Green, 29 P.3d 854 (Alaska 2001)",case,29 P.3d 854,True,genuine,False,hit,,
doc-0016,"Schmitz v. Schmitz, 88 P.3d 1116 (Alaska 2004)",case,88 P.3d 1116,True,genuine,False,hit,,
doc-0016,"Barnett v. Barnett, 238 P.3d 594 (Alaska 2010)",case,238 P.3d 594,True,genuine,False,hit,,
doc-0016,"Beal v. Beal, 209 P.3d 1012 (Alaska 2009)",case,209 P.3d 1012,True,genuine,False,hit,,
doc-0016,"Sandberg v. Sandberg, 322 P.3d 879 (Alaska 2014)",case,322 P.3d 879,True,genuine,False,hit,,
doc-0017,AS 25.24.949,statute,AS 25.24.949,False,fabricated_statute,False,hit,,
doc-0017,AS 25.24.987,statute,AS 25.24.987,False,fabricated_statute,False,lenient_hit,subsection differs,
doc-0017,AS 25.24.905,statute,AS 25.24.905,False,fabricated_statute,False,lenient_hit,subsection differs,
doc-0017,AS 25.24.200,statute,AS 25.24.200,True,genuine,False,hit,,
doc-0017,AS 25.24.230,statute,AS 25.24.230,True,genuine,False,hit,,
doc-0017,AS 25.24.160(a),statute,AS 25.24.160(a),True,genuine,False,hit,,
doc-0017,AS 25.24.230(a),statute,AS 25.24.230(a),True,genuine,False,hit,,
doc-0017,AS 25.24.220(i),statute,AS 25.24.220(i),True,genuine,False,hit,,
doc-0017,AS 25.24.200(e),statute,AS 25.24.200(e),True,genuine,False,hit,,
doc-0017,AS 25.24.210,statute,AS 25.24.210,True,genuine,False,hit,,
doc-0017,AS 25.24.250,statute,AS 25.24.250,True,genuine,False,hit,,
doc-0017,AS 25.24.210(b),statute,AS 25.24.210(b),True,genuine,False,hit,,
doc-0017,AS 25.24.210(e),statute,AS 25.24.210(e),True,genuine,False,hit,,
doc-0017,AS 25.24.220(d),statute,AS 25.24.220(d),True,genuine,False,hit,,
doc-0017,Civil Rule 90.3(a),rule,civ 90.3(a),True,genuine,False,hit,,
doc-0017,Civil Rule 90.3,rule,civ 90.3,True,genuine,False,hit,,
doc-0017,Rule 90.3(a),rule,civ 90.3(a),True,genuine,False,hit,,
doc-0017,Rule 90.3,rule,civ 90.3,True,genuine,False,hit,,
doc-0017,Civil Rule 90.3(b),rule,civ 90.3(b),True,genuine,False,hit,,
doc-0017,"Brown v. Brown, 914 P.2d 206 (Alaska 1996)",case,914 P.2d 206,True,genuine,False,hit,,
doc-0017,"Richard v. Boggs, 162 P.3d 629 (Alaska 2007)",case,162 P.3d 629,True,genuine,False,hit,,
doc-0017,"Beals v. Beals, 303 P.3d 453 (Alaska 2013)",case,303 P.3d 453,True,genuine,False,hit,,
doc-0017,"Sharon Thompson v. Everett Thompson, 454 P.3d 981 (Alaska 2019)",case,454 P.3d 981,True,genuine,False,hit,,
doc-0017,"Barnett v. Barnett, 238 P.3d 594 (Alaska 2010)",case,238 P.3d 594,True,genuine,False,hit,,
doc-0017,"Sandberg v. Sandberg, 322 P.3d 879 (Alaska 2014)",case,322 P.3d 879,True,genuine,False,hit,,
doc-0018,AS 25.24.160,statute,AS 25.24.160,True,genuine,False,hit,,
doc-0018,AS 25.24.160(a),statute,AS 25.24.160(a),True,genuine,False,hit,,
doc-0018,Civil Rule 90.3,rule,civ 90.3,True,genuine,False,hit,,
doc-0018,Civil Rule 90.3(a),rule,civ 90.3(a),True,genuine,False,hit,,
doc-0018,Civil Rule 90.3(b),rule,civ 90.3(b),True,genuine,False,hit,,
doc-0018,Rule 90.3,rule,civ 90.3,True,genuine,False,hit,,
doc-0018,"Ruppe v. Ruppe, 358 P.3d 1284 (Alaska 2015)",case,358 P.3d 1284,True,genuine,False,hit,,
doc-0018,"In Sharon Thompson v. Everett Thompson, 454 P.3d 981 (Alaska 2019)",case,454 P.3d 981,True,genuine,True,hit,,
doc-0018,"Laughlin v. Laughlin, 229 P.3d 1002 (Alaska 2010)",case,229 P.3d 1002,True,genuine,False,hit,,
doc-0018,"Faulkner v. Goldfuss, 46 P.3d 993 (Alaska 2002)",case,46 P.3d 993,True,genuine,False,hit,,
doc-0018,"Sandberg v. Sandberg, 322 P.3d 879 (Alaska 2014)",case,322 P.3d 879,True,genuine,False,hit,,
doc-0018,"Gorton v. Mann, 281 P.3d 81 (Alaska 2012)",case,281 P.3d 81,True,genuine,False,hit,,
doc-0019,AS 25.24.200,statute,AS 25.24.200,True,genuine,False,hit,,
doc-0019,AS 25.24.230,statute,AS 25.24.230,True,genuine,False,hit,,
doc-0019,AS 25.24.160(a),statute,AS 25.24.160(a),True,genuine,False,hit,,
doc-0019,AS 25.24.220(h),statute,AS 25.24.220(h),True,genuine,False,hit,,
doc-0019,AS 25.24.160,statute,AS 25.24.160,True,genuine,False,hit,,
doc-0019,AS 25.24.160(b),statute,AS 25.24.160(b),True,genuine,False,hit,,
doc-0019,AS 25.24.220(d),statute,AS 25.24.220(d),True,genuine,False,hit,,
doc-0019,AS 25.24.230(b),statute,AS 25.24.230(b),True,genuine,False,hit,,
doc-0019,Civil Rule 90.3,rule,civ 90.3,True,genuine,False,hit,,
doc-0019,Civil Rule 90.3(a),rule,civ 90.3(a),True,genuine,False,hit,,
doc-0019,Civil Rule 90.3(b),rule,civ 90.3(b),True,genuine,False,hit,,
doc-0019,Civil Rule 90.3(k),rule,civ 90.3(k),True,genuine,False,hit,,
doc-0019,Rule 90.3(a),rule,civ 90.3(a),True,genuine,False,hit,,
doc-0019,Rule 90.3,rule,civ 90.3,True,genuine,False,hit,,
doc-0019,"Ruppe v. Ruppe, 358 P.3d 1284 (Alaska 2015)",case,358 P.3d 1284,True,genuine,False,hit,,
doc-0019,"Fletcher v. Fletcher, 433 P.3d 1148 (Alaska 2018)",case,433 P.3d 1148,True,genuine,False,hit,,
doc-0019,"Gallant v. Gallant, 882 P.2d 1252 (Alaska 1994)",case,882 P.2d 1252,True,genuine,False,hit,,
doc-0019,"Ogden v. Ogden, 39 P.3d 513 (Alaska 2001)",case,39 P.3d 513,True,genuine,False,hit,,
doc-0019,"Sandberg v. Sandberg, 322 P.3d 879 (Alaska 2014)",case,322 P.3d 879,True,genuine,False,hit,,
doc-0019,"Brown v. Brown, 914 P.2d 206 (Alaska 1996)",case,914 P.2d 206,True,genuine,False,hit,,
doc-0020,AS 25.24.200,statute,AS 25.24.200,True,genuine,False,hit,,
doc-0020,AS 25.24.160,statute,AS 25.24.160,True,genuine,False,hit,,
doc-0020,AS 25.24.230,statute,AS 25.24.230,True,genuine,False,hit,,
doc-0020,AS 25.24.160(a),statute,AS 25.24.160(a),True,genuine,False,hit,,
doc-0020,AS 25.24.200(a),statute,AS 25.24.200(a),True,genuine,False,hit,,
doc-0020,AS 25.24.220(h),statute,AS 25.24.220(h),True,genuine,False,hit,,
doc-0020,AS 25.24.230(b),statute,AS 25.24.230(b),True,genuine,False,hit,,
doc-0020,AS 25.24.160(b),statute,AS 25.24.160(b),True,genuine,False,hit,,
doc-0020,AS 25.24.230(a),statute,AS 25.24.230(a),True,genuine,False,hit,,
doc-0020,AS 25.24.220(i),statute,AS 25.24.220(i),True,genuine,False,hit,,
doc-0020,Civil Rule 90.3,rule,civ 90.3,True,genuine,False,hit,,
doc-0020,Civil Rule 90.3(a),rule,civ 90.3(a),True,genuine,False,hit,,
doc-0020,"Schmitz v. Schmitz, 88 P.3d 1116 (Alaska 2004)",case,88 P.3d 1116,True,genuine,False,hit,,
doc-0020,"Ruppe v. Ruppe, 358 P.3d 1284 (Alaska 2015)",case,358 P.3d 1284,True,genuine,False,hit,,
doc-0020,"Faulkner v. Goldfuss, 46 P.3d 993 (Alaska 2002)",case,46 P.3d 993,True,genuine,False,hit,,
doc-0020,"Brown v. Brown, 914 P.2d 206 (Alaska 1996)",case,914 P.2d 206,True,genuine,False,hit,,
doc-0020,"Partridge v. Partridge, 239 P.3d 680 (Alaska 2010)",case,239 P.3d 680,True,genuine,False,hit,,
doc-0020,"In Young v. Lowery, 221 P.3d 1006 (Alaska 2009)",case,221 P.3d 1006,True,genuine,True,hit,,
doc-0020,"In Fernau v. Rowdon, 42 P.3d 1047 (Alaska 2002)",case,42 P.3d 1047,True,genuine,True,hit,,
doc-0021,AS 25.24.200,statute,AS 25.24.200,True,genuine,False,hit,,
doc-0021,AS 25.24.210,statute,AS 25.24.210,True,genuine,False,hit,,
doc-0021,AS 25.24.220,statute,AS 25.24.220,True,genuine,False,hit,,
doc-0021,AS 25.24.160(a),statute,AS 25.24.160(a),True,genuine,False,hit,,
doc-0021,AS 25.24.220(h),statute,AS 25.24.220(h),True,genuine,False,hit,,
doc-0021,AS 25.20.090,statute,AS 25.20.090,True,genuine,False,hit,,
doc-0021,AS 25.24.200(a),statute,AS 25.24.200(a),True,genuine,False,hit,,
doc-0021,AS 25.24.220(i),statute,AS 25.24.220(i),True,genuine,False,hit,,
doc-0021,AS 25.24.250,statute,AS 25.24.250,True,genuine,False,hit,,
doc-0021,AS 25.24.210(e),statute,AS 25.24.210(e),True,genuine,False,hit,,
doc-0021,Civil Rule 90.3,rule,civ 90.3,True,genuine,False,hit,,
doc-0021,Civil Rule 90.3(a),rule,civ 90.3(a),True,genuine,False,hit,,
doc-0021,Rule 90.3(a),rule,civ 90.3(a),True,genuine,False,hit,,
doc-0021,"Ruppe v. Ruppe, 358 P.3d 1284 (Alaska 2015)",case,358 P.3d 1284,True,genuine,False,hit,,
doc-0021,"Partridge v. Partridge, 239 P.3d 680 (Alaska 2010)",case,239 P.3d 680,True,genuine,False,hit,,
doc-0021,"Sandberg v. Sandberg, 322 P.3d 879 (Alaska 2014)",case,322 P.3d 879,True,genuine,False,hit,,
doc-0021,"Faulkner v. Goldfuss, 46 P.3d 993 (Alaska 2002)",case,46 P.3d 993,True,genuine,False,hit,,
doc-0021,"See Ruppe v. Ruppe, 358 P.3d 1284 (Alaska 2015)",case,358 P.3d 1284,True,genuine,True,hit,,
doc-0021,"Gorton v. Mann, 281 P.3d 81 (Alaska 2012)",case,281 P.3d 81,True,genuine,False,hit,,
doc-0021,"In Sharon Thompson v. Everett Thompson, 454 P.3d 981 (Alaska 2019)",case,454 P.3d 981,True,genuine,True,hit,,
doc-0021,"See Sharon Thompson v. Everett Thompson, 454 P.3d 981 (Alaska 2019)",case,454 P.3d 981,True,genuine,True,hit,,
doc-0022,AS 25.24.160,statute,AS 25.24.160,True,genuine,False,hit,,
doc-0022,AS 25.24.160(a),statute,AS 25.24.160(a),True,genuine,False,hit,,
doc-0022,AS 25.20.110,statute,AS 25.20.110,True,genuine,False,hit,,
doc-0022,AS 25.20.110(a),statute,AS 25.20.110(a),True,genuine,False,hit,,
doc-0022,AS 25.24.160(b),statute,AS 25.24.160(b),True,genuine,False,hit,,
doc-0022,Civil Rule 90.3,rule,civ 90.3,True,genuine,False,hit,,
doc-0022,Rule 90.3,rule,civ 90.3,True,genuine,False,hit,,
doc-0022,Civil Rule 90.3(a),rule,civ 90.3(a),True,genuine,False,hit,,
doc-0022,"Hooper v. Hooper, 188 P.3d 681 (Alaska 2008)",case,188 P.3d 681,True,genuine,False,hit,,
doc-0022,"Partridge v. Partridge, 239 P.3d 680 (Alaska 2010)",case,239 P.3d 680,True,genuine,False,hit,,
doc-0022,"Ruppe v. Ruppe, 358 P.3d 1284 (Alaska 2015)",case,358 P.3d 1284,True,genuine,False,hit,,
doc-0022,"Faulkner v. Goldfuss, 46 P.3d 993 (Alaska 2002)",case,46 P.3d 993,True,genuine,False,hit,,
doc-0022,"Sharon Thompson v. Everett Thompson, 454 P.3d 981 (Alaska 2019)",case,454 P.3d 981,True,genuine,False,hit,,
doc-0022,"Fernau v. Rowdon, 42 P.3d 1047 (Alaska 2002)",case,42 P.3d 1047,True,genuine,False,hit,,
doc-0022,"Brown v. Brown, 914 P.2d 206 (Alaska 1996)",case,914 P.2d 206,True,genuine,False,hit,,
doc-0023,"Onslow v. Brackeen, 557 P.3d 717 (Alaska 2002)",case,557 P.3d 717,False,fabricated_case,False,hit,,
doc-0023,Civil Rule 925(a),rule,civ 925(a),False,fabricated_rule,False,hit,,
doc-0023,AS 25.24.919,statute,AS 25.24.919,False,fabricated_statute,False,lenient_hit,subsection differs,
doc-0023,AS 25.24.160,statute,AS 25.24.160,True,genuine,False,hit,,
doc-0023,AS 25.24.160(b),statute,AS 25.24.160(b),True,genuine,False,hit,,
doc-0023,Civil Rule 90.3,rule,civ 90.3,True,genuine,False,hit,,
doc-0023,Civil Rule 90.3(b),rule,civ 90.3(b),True,genuine,False,hit,,
doc-0023,Rule 90.3,rule,civ 90.3,True,genuine,False,hit,,
doc-0023,"Partridge v. Partridge, 239 P.3d 680 (Alaska 2010)",case,239 P.3d 680,True,genuine,False,hit,,
doc-0023,"In Ogden v. Ogden, 39 P.3d 513 (Alaska 2001)",case,39 P.3d 513,True,genuine,True,hit,,
doc-0023,"In Sandberg v. Sandberg, 322 P.3d 879 (Alaska 2014)",case,322 P.3d 879,True,genuine,True,hit,,
doc-0023,"Sharon Thompson v. Everett Thompson, 454 P.3d 981 (Alaska 2019)",case,454 P.3d 981,True,genuine,False,hit,,
doc-0023,"In Sharon Thompson v. Everett Thompson, 454 P.3d 981 (Alaska 2019)",case,454 P.3d 981,True,genuine,True,hit,,
doc-0024,AS 25.24.922,statute,AS 25.24.922,False,fabricated_statute,False,hit,,
doc-0024,"Teale v. Wysocki, 589 P.3d 625 (Alaska 2013)",case,589 P.3d 625,False,fabricated_case,False,hit,,
doc-0024,Civil Rule 934(a),rule,civ 934(a),False,fabricated_rule,False,hit,,
doc-0024,AS 25.24.200,statute,AS 25.24.200,True,genuine,False,hit,,
doc-0024,AS 25.24.152,statute,AS 25.24.152,True,genuine,False,hit,,
doc-0024,AS 25.24.152(a),statute,AS 25.24.152(a),True,genuine,False,hit,,
doc-0024,AS 25.24.232,statute,AS 25.24.232,True,genuine,False,hit,,
doc-0024,AS 25.24.160(a),statute,AS 25.24.160(a),True,genuine,False,hit,,
doc-0024,AS 25.24.200(a),statute,AS 25.24.200(a),True,genuine,False,hit,,
doc-0024,AS 25.24.210,statute,AS 25.24.210,True,genuine,False,hit,,
doc-0024,AS 25.24.210(e),statute,AS 25.24.210(e),True,genuine,False,hit,,
doc-0024,AS 25.24.155,statute,AS 25.24.155,True,genuine,False,hit,,
doc-0024,Civil Rule 90.3(f),rule,civ 90.3(f),True,genuine,False,hit,,
doc-0024,Rule 90.3,rule,civ 90.3,True,genuine,False,hit,,
doc-0024,Rule 90.3(a),rule,civ 90.3(a),True,genuine,False,hit,,
doc-0024,"In Helen S.K. v. Samuel M.K., 288 P.3d 463 (Alaska 2012)",case,288 P.3d 463,True,genuine,True,hit,,
doc-0024,"Odom v. Odom, 141 P.3d 324 (Alaska 2006)",case,141 P.3d 324,True,genuine,False,hit,,
doc-0024,"In Sharon Thompson v. Everett Thompson, 454 P.3d 981 (Alaska 2019)",case,454 P.3d 981,True,genuine,True,hit,,
doc-0024,"In Odom v. Odom, 141 P.3d 324 (Alaska 2006)",case,141 P.3d 324,True,genuine,True,hit,,
doc-0024,"In Brown v. Brown, 914 P.2d 206 (Alaska 1996)",case,914 P.2d 206,True,genuine,True,hit,,
doc-0024,"In Fernau v. Rowdon, 42 P.3d 1047 (Alaska 2002)",case,42 P.3d 1047,True,genuine,True,hit,,
doc-0025,AS 25.24.160,statute,AS 25.24.160,True,genuine,False,hit,,
doc-0025,AS 25.24.200,statute,AS 25.24.200,True,genuine,False,hit,,
doc-0025,AS 25.24.160(a),statute,AS 25.24.160(a),True,genuine,False,hit,,
doc-0025,AS 25.24.160(b),statute,AS 25.24.160(b),True,genuine,False,hit,,
doc-0025,AS 25.24.230,statute,AS 25.24.230,True,genuine,False,hit,,
doc-0025,AS 25.24.200(a),statute,AS 25.24.200(a),True,genuine,False,hit,,
doc-0025,AS 25.24.230(a),statute,AS 25.24.230(a),True,genuine,False,hit,,
doc-0025,AS 25.24.200(e),statute,AS 25.24.200(e),True,genuine,False,hit,,
doc-0025,AS 25.24.210(e),statute,AS 25.24.210(e),True,genuine,False,hit,,
doc-0025,AS 25.24.220(h),statute,AS 25.24.220(h),True,genuine,False,hit,,
doc-0025,Civil Rule 90.3,rule,civ 90.3,True,genuine,False,hit,,
doc-0025,Civil Rule 90.3(a),rule,civ 90.3(a),True,genuine,False,hit,,
doc-0025,Civil Rule 90.3(f),rule,civ 90.3(f),True,genuine,False,hit,,
doc-0025,Rule 90.3,rule,civ 90.3,True,genuine,False,hit,,
doc-0025,"Schmitz v. Schmitz, 88 P.3d 1116 (Alaska 2004)",case,88 P.3d 1116,True,genuine,False,hit,,
doc-0025,"Fernau v. Rowdon, 42 P.3d 1047 (Alaska 2002)",case,42 P.3d 1047,True,genuine,False,hit,,
doc-0025,"Helen S.K. v. Samuel M.K., 288 P.3d 463 (Alaska 2012)",case,288 P.3d 463,True,genuine,False,hit,,
doc-0025,"Sharon Thompson v. Everett Thompson, 454 P.3d 981 (Alaska 2019)",case,454 P.3d 981,True,genuine,False,hit,,
doc-0025,"Faulkner v. Goldfuss, 46 P.3d 993 (Alaska 2002)",case,46 P.3d 993,True,genuine,False,hit,,
doc-0025,"Ruppe v. Ruppe, 358 P.3d 1284 (Alaska 2015)",case,358 P.3d 1284,True,genuine,False,hit,,
doc-0025,"Laughlin v. Laughlin, 229 P.3d 1002 (Alaska 2010)",case,229 P.3d 1002,True,genuine,False,hit,,
doc-0026,AS 25.24.160,statute,AS 25.24.160,True,genuine,False,hit,,
doc-0026,AS 25.24.200,statute,AS 25.24.200,True,genuine,False,hit,,
doc-0026,AS 25.20.090,statute,AS 25.20.090,True,genuine,False,hit,,
doc-0026,AS 25.24.160(a),statute,AS 25.24.160(a),True,genuine,False,hit,,
doc-0026,AS 25.20.090(3),statute,AS 25.20.090(3),True,genuine,False,hit,,
doc-0026,AS 25.20.090(6),statute,AS 25.20.090(6),True,genuine,False,hit,,
doc-0026,AS 25.20.090(5),statute,AS 25.20.090(5),True,genuine,False,hit,,
doc-0026,Civil Rule 90.3,rule,civ 90.3,True,genuine,False,hit,,
doc-0026,Civil Rule 90.3(a),rule,civ 90.3(a),True,genuine,False,hit,,
doc-0026,Civil Rule 90.3(f),rule,civ 90.3(f),True,genuine,False,hit,,
doc-0026,Civil Rule 90.3(b),rule,civ 90.3(b),True,genuine,False,hit,,
doc-0026,"Schmitz v. Schmitz, 88 P.3d 1116 (Alaska 2004)",case,88 P.3d 1116,True,genuine,False,hit,,
doc-0026,"Partridge v. Partridge, 239 P.3d 680 (Alaska 2010)",case,239 P.3d 680,True,genuine,False,hit,,
doc-0026,"Ruppe v. Ruppe, 358 P.3d 1284 (Alaska 2015)",case,358 P.3d 1284,True,genuine,False,hit,,
doc-0026,"Brown v. Brown, 914 P.2d 206 (Alaska 1996)",case,914 P.2d 206,True,genuine,False,hit,,
doc-0026,"Green v. Green, 29 P.3d 854 (Alaska 2001)",case,29 P.3d 854,True,genuine,False,hit,,
doc-0026,"Sharon Thompson v. Everett Thompson, 454 P.3d 981 (Alaska 2019)",case,454 P.3d 981,True,genuine,False,hit,,
doc-0026,"Fernau v. Rowdon, 42 P.3d 1047 (Alaska 2002)",case,42 P.3d 1047,True,genuine,False,hit,,
doc-0027,AS 25.24.160,statute,AS 25.24.160,True,genuine,False,hit,,
doc-0027,AS 25.24.160(a),statute,AS 25.24.160(a),True,genuine,False,hit,,
doc-0027,AS 25.24.155,statute,AS 25.24.155,True,genuine,False,hit,,
doc-0027,AS 25.24.155(a),statute,AS 25.24.155(a),True,genuine,False,hit,,
doc-0027,AS 25.24.155(b),statute,AS 25.24.155(b),True,genuine,False,hit,,
doc-0027,Civil Rule 90.3,rule,civ 90.3,True,genuine,False,hit,,
doc-0027,Civil Rule 26.1(b),rule,civ 26.1(b),True,genuine,False,hit,,
doc-0027,Civil Rule 90.1(e),rule,civ 90.1(e),True,genuine,False,hit,,
doc-0027,Civil Rule 90.3(a),rule,civ 90.3(a),True,genuine,False,hit,,
doc-0027,Rule 90.3(a),rule,civ 90.3(a),True,genuine,False,hit,,
doc-0027,"Hanlon v. Hanlon, 871 P.2d 229 (Alaska 1994)",case,871 P.2d 229,True,genuine,False,hit,,
doc-0027,"Odom v. Odom, 141 P.3d 324 (Alaska 2006)",case,141 P.3d 324,True,genuine,False,hit,,
doc-0027,"Sandberg v. Sandberg, 322 P.3d 879 (Alaska 2014)",case,322 P.3d 879,True,genuine,False,hit,,
doc-0027,"Silvan v. Alcina, 105 P.3d 117 (Alaska 2005)",case,105 P.3d 117,True,genuine,False,hit,,
doc-0027,"Hooper v. Hooper, 188 P.3d 681 (Alaska 2008)",case,188 P.3d 681,True,genuine,False,hit,,
doc-0027,"Barnett v. Barnett, 238 P.3d 594 (Alaska 2010)",case,238 P.3d 594,True,genuine,False,hit,,
doc-0027,"Cox v. Floreske, 288 P.3d 1289 (Alaska 2012)",case,288 P.3d 1289,True,genuine,False,hit,,
doc-0028,"Halvers v. Pruitt, 404 P.3d 837 (Alaska 1999)",case,404 P.3d 837,False,fabricated_case,False,hit,,
doc-0028,AS 25.24.905,statute,AS 25.24.905,False,fabricated_statute,False,lenient_hit,subsection differs,
doc-0028,AS 25.24.930,statute,AS 25.24.930,False,fabricated_statute,False,lenient_hit,subsection differs,
doc-0028,AS 25.24.160,statute,AS 25.24.160,True,genuine,False,hit,,
doc-0028,AS 25.24.200,statute,AS 25.24.200,True,genuine,False,hit,,
doc-0028,AS 25.24.250,statute,AS 25.24.250,True,genuine,False,hit,,
doc-0028,AS 25.24.200(a),statute,AS 25.24.200(a),True,genuine,False,hit,,
doc-0028,AS 25.24.210(e),statute,AS 25.24.210(e),True,genuine,False,hit,,
doc-0028,AS 25.24.220,statute,AS 25.24.220,True,genuine,False,hit,,
doc-0028,AS 25.24.220(d),statute,AS 25.24.220(d),True,genuine,False,hit,,
doc-0028,AS 25.24.155,statute,AS 25.24.155,True,genuine,False,hit,,
doc-0028,AS 25.24.220(h),statute,AS 25.24.220(h),True,genuine,False,hit,,
doc-0028,AS 25.24.220(i),statute,AS 25.24.220(i),True,genuine,False,hit,,
doc-0028,Civil Rule 90.3,rule,civ 90.3,True,genuine,False,hit,,
doc-0028,Civil Rule 90.3(a),rule,civ 90.3(a),True,genuine,False,hit,,
doc-0028,Rule 90.3,rule,civ 90.3,True,genuine,False,hit,,
doc-0028,"Ruppe v. Ruppe, 358 P.3d 1284 (Alaska 2015)",case,358 P.3d 1284,True,genuine,False,hit,,
doc-0028,"Laughlin v. Laughlin, 229 P.3d 1002 (Alaska 2010)",case,229 P.3d 1002,True,genuine,False,hit,,
doc-0029,AS 25.24.160,statute,AS 25.24.160,True,genuine,False,hit,,
doc-0029,AS 25.24.200,statute,AS 25.24.200,True,genuine,False,hit,,
doc-0029,AS 25.24.220,statute,AS 25.24.220,True,genuine,False,hit,,
doc-0029,AS 25.24.160(a),statute,AS 25.24.160(a),True,genuine,False,hit,,
doc-0029,AS 25.20.110,statute,AS 25.20.110,True,genuine,False,hit,,
doc-0029,AS 25.24.200(a),statute,AS 25.24.200(a),True,genuine,False,hit,,
doc-0029,AS 25.24.220(h),statute,AS 25.24.220(h),True,genuine,False,hit,,
doc-0029,AS 25.24.220(i),statute,AS 25.24.220(i),True,genuine,False,hit,,
doc-0029,Civil Rule 90.3,rule,civ 90.3,True,genuine,False,hit,,
doc-0029,Civil Rule 90.3(a),rule,civ 90.3(a),True,genuine,False,hit,,
doc-0029,Rule 90.3,rule,civ 90.3,True,genuine,False,hit,,
doc-0029,"Hockema v. Hockema, 403 P.3d 1080 (Alaska 2017)",case,403 P.3d 1080,True,genuine,False,hit,,
doc-0029,"Brown v. Brown, 914 P.2d 206 (Alaska 1996)",case,914 P.2d 206,True,genuine,False,hit,,
doc-0029,"Silvan v. Alcina, 105 P.3d 117 (Alaska 2005)",case,105 P.3d 117,True,genuine,False,hit,,
doc-0029,"Faulkner v. Goldfuss, 46 P.3d 993 (Alaska 2002)",case,46 P.3d 993,True,genuine,False,hit,,
doc-0029,"Ruppe v. Ruppe, 358 P.3d 1284 (Alaska 2015)",case,358 P.3d 1284,True,genuine,False,hit,,
doc-0029,"Osterkamp v. Stiles, 235 P.3d 178 (Alaska 2010)",case,235 P.3d 178,True,genuine,False,hit,,
doc-0030,Civil Rule 906(a),rule,civ 906(a),False,fabricated_rule,False,hit,,
doc-0030,Civil Rule 994(a),rule,civ 994(a),False,fabricated_rule,False,hit,,
doc-0030,AS 25.24.200(a),statute,AS 25.24.200(a),True,genuine,False,hit,,
doc-0030,AS 25.24.210,statute,AS 25.24.210,True,genuine,False,hit,,
doc-0030,AS 25.24.220(d),statute,AS 25.24.220(d),True,genuine,False,hit,,
doc-0030,AS 25.20.090,statute,AS 25.20.090,True,genuine,False,hit,,
doc-0030,AS 25.24.160(a),statute,AS 25.24.160(a),True,genuine,False,hit,,
doc-0030,AS 25.20.090(3),statute,AS 25.20.090(3),True,genuine,False,hit,,
doc-0030,AS 25.20.090(6),statute,AS 25.20.090(6),True,genuine,False,hit,,
doc-0030,AS 25.24.220(h),statute,AS 25.24.220(h),True,genuine,False,hit,,
doc-0030,AS 25.24.220(i),statute,AS 25.24.220(i),True,genuine,False,hit,,
doc-0030,Civil Rule 90.3,rule,civ 90.3,True,genuine,False,hit,,
doc-0030,Civil Rule 90.3(f),rule,civ 90.3(f),True,genuine,False,hit,,
doc-0030,Civil Rule 90.3(b),rule,civ 90.3(b),True,genuine,False,hit,,
doc-0030,Rule 90.3,rule,civ 90.3,True,genuine,False,hit,,
doc-0030,"Ruppe v. Ruppe, 358 P.3d 1284 (Alaska 2015)",case,358 P.3d 1284,True,genuine,False,hit,,
doc-0030,"Faulkner v. Goldfuss, 46 P.3d 993 (Alaska 2002)",case,46 P.3d 993,True,genuine,False,hit,,
doc-0030,"Holmes v. Holmes, 414 P.3d 662 (Alaska 2018)",case,414 P.3d 662,True,genuine,False,hit,,
doc-0030,"Sharon Thompson v. Everett Thompson, 454 P.3d 981 (Alaska 2019)",case,454 P.3d 981,True,genuine,False,hit,,
doc-0030,"Gorton v. Mann, 281 P.3d 81 (Alaska 2012)",case,281 P.3d 81,True,genuine,False,hit,,
doc-0031,AS 25.24.987,statute,AS 25.24.987,False,fabricated_statute,False,lenient_hit,subsection differs,
doc-0031,AS 25.24.929,statute,AS 25.24.929,False,fabricated_statute,False,lenient_hit,subsection differs,
doc-0031,AS 25.24.953,statute,AS 25.24.953,False,fabricated_statute,False,hit,,
doc-0031,AS 25.24.160,statute,AS 25.24.160,True,genuine,False,hit,,
doc-0031,AS 25.20.090,statute,AS 25.20.090,True,genuine,False,hit,,
doc-0031,AS 25.24.150,statute,AS 25.24.150,True,genuine,False,hit,,
doc-0031,AS 25.20.090(6),statute,AS 25.20.090(6),True,genuine,False,hit,,
doc-0031,AS 25.24.310(c),statute,AS 25.24.310(c),True,genuine,False,hit,,
doc-0031,AS 25.24.150(b),statute,AS 25.24.150(b),True,genuine,False,hit,,
doc-0031,AS 25.24.310(a),statute,AS 25.24.310(a),True,genuine,False,hit,,
doc-0031,Civil Rule 90.3,rule,civ 90.3,True,genuine,False,hit,,
doc-0031,Civil Rule 90.3(a),rule,civ 90.3(a),True,genuine,False,hit,,
doc-0031,Civil Rule 90.3(f),rule,civ 90.3(f),True,genuine,False,hit,,
doc-0031,Rule 90.3,rule,civ 90.3,True,genuine,False,hit,,
doc-0031,Rule 90.3(a),rule,civ 90.3(a),True,genuine,False,hit,,
doc-0031,Civil Rule 90.3(b),rule,civ 90.3(b),True,genuine,False,hit,,
doc-0031,"See Ruppe v. Ruppe, 358 P.3d 1284 (Alaska 2015)",case,358 P.3d 1284,True,genuine,True,hit,,
doc-0031,"Helen S.K. v. Samuel M.K., 288 P.3d 463 (Alaska 2012)",case,288 P.3d 463,True,genuine,False,hit,,
doc-0031,"See Gorton v. Mann, 281 P.3d 81 (Alaska 2012)",case,281 P.3d 81,True,genuine,True,hit,,
doc-0031,"Sharon Thompson v. Everett Thompson, 454 P.3d 981 (Alaska 2019)",case,454 P.3d 981,True,genuine,False,hit,,
doc-0031,"See Fernau v. Rowdon, 42 P.3d 1047 (Alaska 2002)",case,42 P.3d 1047,True,genuine,True,hit,,
doc-0031,"See Brown v. Brown, 914 P.2d 206 (Alaska 1996)",case,914 P.2d 206,True,genuine,True,hit,,
doc-0031,"Rowen v. Rowen, 963 P.2d 249 (Alaska 1998)",case,963 P.2d 249,True,genuine,False,hit,,
doc-0032,AS 25.24.917,statute,AS 25.24.917,False,fabricated_statute,False,lenient_hit,subsection differs,
doc-0032,Civil Rule 915(a),rule,civ 915(a),False,fabricated_rule,False,hit,,
doc-0032,AS 25.24.931,statute,AS 25.24.931,False,fabricated_statute,False,hit,,
doc-0032,AS 25.24.200,statute,AS 25.24.200,True,genuine,False,hit,,
doc-0032,AS 25.24.230,statute,AS 25.24.230,True,genuine,False,hit,,
doc-0032,AS 25.24.220(d),statute,AS 25.24.220(d),True,genuine,False,hit,,
doc-0032,AS 25.24.230(a),statute,AS 25.24.230(a),True,genuine,False,hit,,
doc-0032,AS 25.24.160(a),statute,AS 25.24.160(a),True,genuine,False,hit,,
doc-0032,AS 25.24.220(h),statute,AS 25.24.220(h),True,genuine,False,hit,,
doc-0032,AS 25.24.230(f),statute,AS 25.24.230(f),True,genuine,False,hit,,
doc-0032,Civil Rule 90.3(b),rule,civ 90.3(b),True,genuine,False,hit,,
doc-0032,Civil Rule 90.1(e),rule,civ 90.1(e),True,genuine,False,hit,,
doc-0032,Civil Rule 90.3,rule,civ 90.3,True,genuine,False,hit,,
doc-0032,"See Ruppe v. Ruppe, 358 P.3d 1284 (Alaska 2015)",case,358 P.3d 1284,True,genuine,True,hit,,
doc-0032,"Sandberg v. Sandberg, 322 P.3d 879 (Alaska 2014)",case,322 P.3d 879,True,genuine,False,hit,,
doc-0032,"Schmitz v. Schmitz, 88 P.3d 1116 (Alaska 2004)",case,88 P.3d 1116,True,genuine,False,hit,,
doc-0032,"Beal v. Beal, 88 P.3d 104 (Alaska 2004)",case,88 P.3d 104,True,genuine,False,hit,,
doc-0032,"Sharon Thompson v. Everett Thompson, 454 P.3d 981 (Alaska 2019)",case,454 P.3d 981,True,genuine,False,hit,,
doc-0032,"See Beal v. Beal, 88 P.3d 104 (Alaska 2004)",case,88 P.3d 104,True,genuine,True,hit,,
doc-0032,"Osterkamp v. Stiles, 235 P.3d 178 (Alaska 2010)",case,235 P.3d 178,True,genuine,False,hit,,
doc-0032,"In Laughlin v. Laughlin, 229 P.3d 1002 (Alaska 2010)",case,229 P.3d 1002,True,genuine,True,hit,,
doc-0033,AS 25.24.160,statute,AS 25.24.160,True,genuine,False,hit,,
doc-0033,AS 25.24.150(c),statute,AS 25.24.150(c),True,genuine,False,hit,,
doc-0033,AS 25.20.090,statute,AS 25.20.090,True,genuine,False,hit,,
doc-0033,AS 25.24.200,statute,AS 25.24.200,True,genuine,False,hit,,
doc-0033,AS 25.24.220,statute,AS 25.24.220,True,genuine,False,hit,,
doc-0033,AS 25.24.160(a),statute,AS 25.24.160(a),True,genuine,False,hit,,
doc-0033,AS 25.24.220(d),statute,AS 25.24.220(d),True,genuine,False,hit,,
doc-0033,AS 25.24.170,statute,AS 25.24.170,True,genuine,False,hit,,
doc-0033,AS 25.24.150,statute,AS 25.24.150,True,genuine,False,hit,,
doc-0033,AS 25.24.170(b),statute,AS 25.24.170(b),True,genuine,False,hit,,
doc-0033,Civil Rule 90.3,rule,civ 90.3,True,genuine,False,hit,,
doc-0033,Civil Rule 90.3(a),rule,civ 90.3(a),True,genuine,False,hit,,
doc-0033,Civil Rule 90.3(b),rule,civ 90.3(b),True,genuine,False,hit,,
doc-0033,Rule 90.3,rule,civ 90.3,True,genuine,False,hit,,
doc-0033,Rule 90.3(a),rule,civ 90.3(a),True,genuine,False,hit,,
doc-0033,"See Ruppe v. Ruppe, 358 P.3d 1284 (Alaska 2015)",case,358 P.3d 1284,True,genuine,True,hit,,
doc-0033,"Sharon Thompson v. Everett Thompson, 454 P.3d 981 (Alaska 2019)",case,454 P.3d 981,True,genuine,False,hit,,
doc-0033,"See Faulkner v. Goldfuss, 46 P.3d 993 (Alaska 2002)",case,46 P.3d 993,True,genuine,True,hit,,
doc-0033,"Bergstrom v. Lindback, 779 P.2d 1235 (Alaska 1989)",case,779 P.2d 1235,True,genuine,False,hit,,
doc-0033,"See Gorton v. Mann, 281 P.3d 81 (Alaska 2012)",case,281 P.3d 81,True,genuine,True,hit,,
doc-0033,"Rowen v. Rowen, 963 P.2d 249 (Alaska 1998)",case,963 P.2d 249,True,genuine,False,hit,,
doc-0033,"See Sharon Thompson v. Everett Thompson, 454 P.3d 981 (Alaska 2019)",case,454 P.3d 981,True,genuine,True,hit,,
doc-0033,"Ruppe v. Ruppe, 358 P.3d 1284 (Alaska 2015)",case,358 P.3d 1284,True,genuine,False,hit,,
doc-0033,"See Bunn v. House, 934 P.2d 753 (Alaska 1997)",case,934 P.2d 753,True,genuine,True,hit,,
doc-0034,Civil Rule 961,rule,civ 961,False,fabricated_rule,False,hit,,
doc-0034,Civil Rule 946,rule,civ 946,False,fabricated_rule,False,lenient_hit,subsection differs,
doc-0034,AS 25.20.953,statute,AS 25.20.953,False,fabricated_statute,False,hit,,
doc-0034,AS 25.24.200,statute,AS 25.24.200,True,genuine,False,hit,,
doc-0034,AS 25.24.160,statute,AS 25.24.160,True,genuine,False,hit,,
doc-0034,AS 25.24.160(a),statute,AS 25.24.160(a),True,genuine,False,hit,,
doc-0034,AS 25.20.090,statute,AS 25.20.090,True,genuine,False,hit,,
doc-0034,AS 25.24.210,statute,AS 25.24.210,True,genuine,False,hit,,
doc-0034,AS 25.24.220,statute,AS 25.24.220,True,genuine,False,hit,,
doc-0034,AS 25.20.090(5),statute,AS 25.20.090(5),True,genuine,False,hit,,
doc-0034,AS 25.24.160(b),statute,AS 25.24.160(b),True,genuine,False,hit,,
doc-0034,AS 25.24.200(a),statute,AS 25.24.200(a),True,genuine,False,hit,,
doc-0034,AS 25.24.210(e),statute,AS 25.24.210(e),True,genuine,False,hit,,
doc-0034,AS 25.24.220(d),statute,AS 25.24.220(d),True,genuine,False,hit,,
doc-0034,AS 25.24.220(h),statute,AS 25.24.220(h),True,genuine,False,hit,,
doc-0034,Civil Rule 90.3(a),rule,civ 90.3(a),True,genuine,False,hit,,
doc-0034,Civil Rule 90.3(b),rule,civ 90.3(b),True,genuine,False,hit,,
doc-0034,Civil Rule 90.3(f),rule,civ 90.3(f),True,genuine,False,hit,,
doc-0034,Rule 90.3,rule,civ 90.3,True,genuine,False,hit,,
doc-0034,"Ruppe v. Ruppe, 358 P.3d 1284 (Alaska 2015)",case,358 P.3d 1284,True,genuine,False,hit,,
doc-0034,"In Faulkner v. Goldfuss, 46 P.3d 993 (Alaska 2002)",case,46 P.3d 993,True,genuine,True,hit,,
doc-0034,"Helen S.K. v. Samuel M.K., 288 P.3d 463 (Alaska 2012)",case,288 P.3d 463,True,genuine,False,hit,,
doc-0034,"Sharon Thompson v. Everett Thompson, 454 P.3d 981 (Alaska 2019)",case,454 P.3d 981,True,genuine,False,hit,,
doc-0034,"Gorton v. Mann, 281 P.3d 81 (Alaska 2012)",case,281 P.3d 81,True,genuine,False,hit,,
doc-0034,"In Ruppe v. Ruppe, 358 P.3d 1284 (Alaska 2015)",case,358 P.3d 1284,True,genuine,True,hit,,
doc-0035,AS 25.24.200,statute,AS 25.24.200,True,genuine,False,hit,,
doc-0035,AS 25.24.210,statute,AS 25.24.210,True,genuine,False,hit,,
doc-0035,AS 25.24.220,statute,AS 25.24.220,True,genuine,False,hit,,
doc-0035,AS 25.24.220(h),statute,AS 25.24.220(h),True,genuine,False,hit,,
doc-0035,AS 25.20.090,statute,AS 25.20.090,True,genuine,False,hit,,
doc-0035,AS 25.24.160(a),statute,AS 25.24.160(a),True,genuine,False,hit,,
doc-0035,AS 25.20.090(2),statute,AS 25.20.090(2),True,genuine,False,hit,,
doc-0035,AS 25.20.090(3),statute,AS 25.20.090(3),True,genuine,False,hit,,
doc-0035,AS 25.20.090(4),statute,AS 25.20.090(4),True,genuine,False,hit,,
doc-0035,AS 25.20.090(5),statute,AS 25.20.090(5),True,genuine,False,hit,,
doc-0035,AS 25.20.090(6),statute,AS 25.20.090(6),True,genuine,False,hit,,
doc-0035,AS 25.24.220(f),statute,AS 25.24.220(f),True,genuine,False,hit,,
doc-0035,AS 25.20.090(7),statute,AS 25.20.090(7),True,genuine,False,hit,,
doc-0035,AS 25.24.160,statute,AS 25.24.160,True,genuine,False,hit,,
doc-0035,Civil Rule 90.3,rule,civ 90.3,True,genuine,False,hit,,
doc-0035,Civil Rule 90.3(a),rule,civ 90.3(a),True,genuine,False,hit,,
doc-0035,Civil Rule 90.3(b),rule,civ 90.3(b),True,genuine,False,hit,,
doc-0035,Civil Rule 90.3(f),rule,civ 90.3(f),True,genuine,False,hit,,
doc-0035,Civil Rule 26.1(b),rule,civ 26.1(b),True,genuine,False,hit,,
doc-0035,"See Helen S.K. v. Samuel M.K., 288 P.3d 463 (Alaska 2012)",case,288 P.3d 463,True,genuine,True,hit,,
doc-0035,"See Brown v. Brown, 914 P.2d 206 (Alaska 1996)",case,914 P.2d 206,True,genuine,True,hit,,
doc-0035,"In Hanlon v. Hanlon, 871 P.2d 229 (Alaska 1994)",case,871 P.2d 229,True,genuine,True,hit,,
doc-0035,"In Silvan v. Alcina, 105 P.3d 117 (Alaska 2005)",case,105 P.3d 117,True,genuine,True,hit,,
doc-0035,"See Fernau v. Rowdon, 42 P.3d 1047 (Alaska 2002)",case,42 P.3d 1047,True,genuine,True,hit,,
doc-0035,"Partridge v. Partridge, 239 P.3d 680 (Alaska 2010)",case,239 P.3d 680,True,genuine,False,hit,,
doc-0035,"See Green v. Green, 29 P.3d 854 (Alaska 2001)",case,29 P.3d 854,True,genuine,True,hit,,
doc-0035,"Fernau v. Rowdon, 42 P.3d 1047 (Alaska 2002)",case,42 P.3d 1047,True,genuine,False,hit,,
doc-0036,Rule 920,rule,civ 920,False,fabricated_rule,False,hit,,
doc-0036,AS 25.24.983,statute,AS 25.24.983,False,fabricated_statute,False,hit,,
doc-0036,AS 25.24.985,statute,AS 25.24.985,False,fabricated_statute,False,hit,,
doc-0036,AS 25.24.200,statute,AS 25.24.200,True,genuine,False,hit,,
doc-0036,AS 25.24.160(a),statute,AS 25.24.160(a),True,genuine,False,hit,,
doc-0036,AS 25.24.210,statute,AS 25.24.210,True,genuine,False,hit,,
doc-0036,AS 25.24.210(b),statute,AS 25.24.210(b),True,genuine,False,hit,,
doc-0036,AS 25.24.220,statute,AS 25.24.220,True,genuine,False,hit,,
doc-0036,AS 25.24.220(d),statute,AS 25.24.220(d),True,genuine,False,hit,,
doc-0036,AS 25.24.220(i),statute,AS 25.24.220(i),True,genuine,False,hit,,
doc-0036,AS 25.24.230,statute,AS 25.24.230,True,genuine,False,hit,,
doc-0036,AS 25.24.230(b),statute,AS 25.24.230(b),True,genuine,False,hit,,
doc-0036,Civil Rule 90.3,rule,civ 90.3,True,genuine,False,hit,,
doc-0036,Civil Rule 90.3(a),rule,civ 90.3(a),True,genuine,False,hit,,
doc-0036,"See Ruppe v. Ruppe, 358 P.3d 1284 (Alaska 2015)",case,358 P.3d 1284,True,genuine,True,hit,,
doc-0036,"See Brown v. Brown, 914 P.2d 206 (Alaska 1996)",case,914 P.2d 206,True,genuine,True,hit,,
doc-0036,"Faulkner v. Goldfuss, 46 P.3d 993 (Alaska 2002)",case,46 P.3d 993,True,genuine,False,hit,,
doc-0036,"See Faulkner v. Goldfuss, 46 P.3d 993 (Alaska 2002)",case,46 P.3d 993,True,genuine,True,hit,,
doc-0036,"Ruppe v. Ruppe, 358 P.3d 1284 (Alaska 2015)",case,358 P.3d 1284,True,genuine,False,hit,,
doc-0036,"Bergstrom v. Lindback, 779 P.2d 1235 (Alaska 1989)",case,779 P.2d 1235,True,genuine,False,hit,,
doc-0036,"In Sharon Thompson v. Everett Thompson, 454 P.3d 981 (Alaska 2019)",case,454 P.3d 981,True,genuine,True,hit,,
doc-0037,Civil Rule 947,rule,civ 947,False,fabricated_rule,False,hit,,
doc-0037,"Ogden v. Ogden, 898 P.3d 379 (Alaska 2001)",case,898 P.3d 379,False,wrong_reporter,False,hit,,
doc-0037,"Mahan v. Mahan, 719 P.3d 787 (Alaska 2015)",case,719 P.3d 787,False,wrong_reporter,False,hit,,
doc-0037,AS 25.24.160,statute,AS 25.24.160,True,genuine,False,hit,,
doc-0037,AS 25.24.160(a),statute,AS 25.24.160(a),True,genuine,False,hit,,
doc-0037,AS 25.24.200(a),statute,AS 25.24.200(a),True,genuine,False,hit,,
doc-0037,AS 25.24.220(d),statute,AS 25.24.220(d),True,genuine,False,hit,,
doc-0037,AS 25.24.220(h),statute,AS 25.24.220(h),True,genuine,False,hit,,
doc-0037,AS 25.24.220(i),statute,AS 25.24.220(i),True,genuine,False,hit,,
doc-0037,Civil Rule 90.3(a),rule,civ 90.3(a),True,genuine,False,hit,,
doc-0037,Civil Rule 90.3(d),rule,civ 90.3(d),True,genuine,False,hit,,
doc-0037,Civil Rule 90.3(e),rule,civ 90.3(e),True,genuine,False,hit,,
doc-0037,Rule 90.3,rule,civ 90.3,True,genuine,False,hit,,
doc-0037,"Hooper v. Hooper, 188 P.3d 681 (Alaska 2008)",case,188 P.3d 681,True,genuine,False,hit,,
doc-0037,"Zimin v. Zimin, 837 P.2d 118 (Alaska 1992)",case,837 P.2d 118,True,genuine,False,hit,,
doc-0037,"Dragseth v. Dragseth, 210 P.3d 1206 (Alaska 2009)",case,210 P.3d 1206,True,genuine,False,hit,,
doc-0037,"Sharon Thompson v. Everett Thompson, 454 P.3d 981 (Alaska 2019)",case,454 P.3d 981,True,genuine,False,hit,,
doc-0037,"In Sharon Thompson v. Everett Thompson, 454 P.3d 981 (Alaska 2019)",case,454 P.3d 981,True,genuine,True,hit,,
doc-0038,AS 25.24.160,statute,AS 25.24.160,True,genuine,False,hit,,
doc-0038,AS 25.24.160(a),statute,AS 25.24.160(a),True,genuine,False,hit,,
doc-0038,AS 25.20.070,statute,AS 25.20.070,True,genuine,False,hit,,
doc-0038,AS 25.24.160(b),statute,AS 25.24.160(b),True,genuine,False,hit,,
doc-0038,Civil Rule 90.3,rule,civ 90.3,True,genuine,False,hit,,
doc-0038,Civil Rule 90.3(a),rule,civ 90.3(a),True,genuine,False,hit,,
doc-0038,Civil Rule 90.3(f),rule,civ 90.3(f),True,genuine,False,hit,,
doc-0038,Civil Rule 90.3(b),rule,civ 90.3(b),True,genuine,False,hit,,
doc-0038,"See Ruppe v. Ruppe, 358 P.3d 1284 (Alaska 2015)",case,358 P.3d 1284,True,genuine,True,hit,,
doc-0038,"See Holmes v. Holmes, 414 P.3d 662 (Alaska 2018)",case,414 P.3d 662,True,genuine,True,hit,,
doc-0038,"See Fernau v. Rowdon, 42 P.3d 1047 (Alaska 2002)",case,42 P.3d 1047,True,genuine,True,hit,,
doc-0038,"Holmes v. Holmes, 414 P.3d 662 (Alaska 2018)",case,414 P.3d 662,True,genuine,False,hit,,
doc-0038,"Rowen v. Rowen, 963 P.2d 249 (Alaska 1998)",case,963 P.2d 249,True,genuine,False,hit,,
doc-0038,"Brown v. Brown, 914 P.2d 206 (Alaska 1996)",case,914 P.2d 206,True,genuine,False,hit,,
doc-0038,"Fernau v. Rowdon, 42 P.3d 1047 (Alaska 2002)",case,42 P.3d 1047,True,genuine,False,hit,,
doc-0038,"Sharon Thompson v. Everett Thompson, 454 P.3d 981 (Alaska 2019)",case,454 P.3d 981,True,genuine,False,hit,,
doc-0039,AS 25.24.200,statute,AS 25.24.200,True,genuine,False,hit,,
doc-0039,AS 25.24.220,statute,AS 25.24.220,True,genuine,False,hit,,
doc-0039,AS 25.24.160(a),statute,AS 25.24.160(a),True,genuine,False,hit,,
doc-0039,AS 25.24.200(e),statute,AS 25.24.200(e),True,genuine,False,hit,,
doc-0039,AS 25.24.220(d),statute,AS 25.24.220(d),True,genuine,False,hit,,
doc-0039,AS 25.24.160,statute,AS 25.24.160,True,genuine,False,hit,,
doc-0039,AS 25.24.220(h),statute,AS 25.24.220(h),True,genuine,False,hit,,
doc-0039,AS 25.24.220(i),statute,AS 25.24.220(i),True,genuine,False,hit,,
doc-0039,AS 25.24.210(e),statute,AS 25.24.210(e),True,genuine,False,hit,,
doc-0039,Civil Rule 90.3,rule,civ 90.3,True,genuine,False,hit,,
doc-0039,Civil Rule 90.3(a),rule,civ 90.3(a),True,genuine,False,hit,,
doc-0039,Civil Rule 90.3(f),rule,civ 90.3(f),True,genuine,False,hit,,
doc-0039,Civil Rule 26.1(b),rule,civ 26.1(b),True,genuine,False,hit,,
doc-0039,Rule 90.3,rule,civ 90.3,True,genuine,False,hit,,
doc-0039,"See Faulkner v. Goldfuss, 46 P.3d 993 (Alaska 2002)",case,46 P.3d 993,True,genuine,True,hit,,
doc-0039,"See Ruppe v. Ruppe, 358 P.3d 1284 (Alaska 2015)",case,358 P.3d 1284,True,genuine,True,hit,,
doc-0039,"Brown v. Brown, 914 P.2d 206 (Alaska 1996)",case,914 P.2d 206,True,genuine,False,hit,,
doc-0039,"Richard v. Boggs, 162 P.3d 629 (Alaska 2007)",case,162 P.3d 629,True,genuine,False,hit,,
doc-0039,"In Sandberg v. Sandberg, 322 P.3d 879 (Alaska 2014)",case,322 P.3d 879,True,genuine,True,hit,,
doc-0039,"Schmitz v. Schmitz, 88 P.3d 1116 (Alaska 2004)",case,88 P.3d 1116,True,genuine,False,hit,,
doc-0039,"Ruppe v. Ruppe, 358 P.3d 1284 (Alaska 2015)",case,358 P.3d 1284,True,genuine,False,hit,,
doc-0039,"Sandberg v. Sandberg, 322 P.3d 879 (Alaska 2014)",case,322 P.3d 879,True,genuine,False,hit,,
doc-0040,AS 25.24.964,statute,AS 25.24.964,False,fabricated_statute,False,lenient_hit,subsection differs,
doc-0040,AS 25.24.983,statute,AS 25.24.983,False,fabricated_statute,False,hit,,
doc-0040,AS 25.24.991,statute,AS 25.24.991,False,fabricated_statute,False,hit,,
doc-0040,AS 25.24.200,statute,AS 25.24.200,True,genuine,False,hit,,
doc-0040,AS 25.24.220,statute,AS 25.24.220,True,genuine,False,hit,,
doc-0040,AS 25.24.200(a),statute,AS 25.24.200(a),True,genuine,False,hit,,
doc-0040,AS 25.24.220(h),statute,AS 25.24.220(h),True,genuine,False,hit,,
doc-0040,AS 25.24.200(e),statute,AS 25.24.200(e),True,genuine,False,hit,,
doc-0040,AS 25.24.250,statute,AS 25.24.250,True,genuine,False,hit,,
doc-0040,Civil Rule 90.3,rule,civ 90.3,True,genuine,False,hit,,
doc-0040,Civil Rule 90.3(a),rule,civ 90.3(a),True,genuine,False,hit,,
doc-0040,Rule 90.3,rule,civ 90.3,True,genuine,False,hit,,
doc-0040,"Zimin v. Zimin, 837 P.2d 118 (Alaska 1992)",case,837 P.2d 118,True,genuine,False,hit,,
doc-0040,"Keturi v. Keturi, 84 P.3d 408 (Alaska 2004)",case,84 P.3d 408,True,genuine,False,hit,,
doc-0040,"Mahan v. Mahan, 347 P.3d 91 (Alaska 2015)",case,347 P.3d 91,True,genuine,False,hit,,
doc-0040,"In Zimin v. Zimin, 837 P.2d 118 (Alaska 1992)",case,837 P.2d 118,True,genuine,True,hit,,
doc-0040,"In Keturi v. Keturi, 84 P.3d 408 (Alaska 2004)",case,84 P.3d 408,True,genuine,True,hit,,
doc-0040,"In Sharon Thompson v. Everett Thompson, 454 P.3d 981 (Alaska 2019)",case,454 P.3d 981,True,genuine,True,hit,,
doc-0040,"Sharon Thompson v. Everett Thompson, 454 P.3d 981 (Alaska 2019)",case,454 P.3d 981,True,genuine,False,hit,,
doc-0040,"Fernau v. Rowdon, 42 P.3d 1047 (Alaska 2002)",case,42 P.3d 1047,True,genuine,False,hit,,
doc-0040,"Gorton v. Mann, 281 P.3d 81 (Alaska 2012)",case,281 P.3d 81,True,genuine,False,hit,,
doc-0040,"Faulkner v. Goldfuss, 46 P.3d 993 (Alaska 2002)",case,46 P.3d 993,True,genuine,False,hit,,
doc-0041,AS 25.20.060,statute,AS 25.20.060,True,genuine,False,hit,,
doc-0041,AS 25.24.150,statute,AS 25.24.150,True,genuine,False,hit,,
doc-0041,AS 25.20.060(a),statute,AS 25.20.060(a),True,genuine,False,hit,,
doc-0041,AS 25.24.150(c),statute,AS 25.24.150(c),True,genuine,False,hit,,
doc-0041,AS 25.20.060(b),statute,AS 25.20.060(b),True,genuine,False,hit,,
doc-0041,AS 25.20.070,statute,AS 25.20.070,True,genuine,False,hit,,
doc-0041,AS 25.24.150(g),statute,AS 25.24.150(g),True,genuine,False,hit,,
doc-0041,AS 25.20.060(c),statute,AS 25.20.060(c),True,genuine,False,hit,,
doc-0041,Civil Rule 90.3(a),rule,civ 90.3(a),True,genuine,False,hit,,
doc-0041,Civil Rule 90.3(b),rule,civ 90.3(b),True,genuine,False,hit,,
doc-0041,Civil Rule 90.3,rule,civ 90.3,True,genuine,False,hit,,
doc-0041,Civil Rule 16.2(e),rule,civ 16.2(e),True,genuine,False,hit,,
doc-0041,"Pingree v. Cossette, 424 P.3d 371 (Alaska 2018)",case,424 P.3d 371,True,genuine,False,hit,,
doc-0041,"Limeres v. Limeres, 320 P.3d 291 (Alaska 2014)",case,320 P.3d 291,True,genuine,False,hit,,
doc-0041,"Daves v. McKinley, 425 P.3d 92 (Alaska 2018)",case,425 P.3d 92,True,genuine,False,hit,,
doc-0041,"Jayda Roman v. Cleveland Karren, 461 P.3d 1252 (Alaska 2020)",case,461 P.3d 1252,True,genuine,False,hit,,
doc-0041,"Mendel-Gleason v. Harris, 261 P.3d 397 (Alaska 2011)",case,261 P.3d 397,True,genuine,False,hit,,
doc-0042,AS 25.30.300,statute,AS 25.30.300,True,genuine,False,hit,,
doc-0042,AS 25.30.300(a),statute,AS 25.30.300(a),True,genuine,False,hit,,
doc-0042,AS 25.30.300(b),statute,AS 25.30.300(b),True,genuine,False,hit,,
doc-0042,AS 25.20.060,statute,AS 25.20.060,True,genuine,False,hit,,
doc-0042,AS 25.24.150(c),statute,AS 25.24.150(c),True,genuine,False,hit,,
doc-0042,AS 25.20.060(b),statute,AS 25.20.060(b),True,genuine,False,hit,,
doc-0042,AS 25.20.060(c),statute,AS 25.20.060(c),True,genuine,False,hit,,
doc-0042,AS 25.30.310,statute,AS 25.30.310,True,genuine,False,hit,,
doc-0042,AS 25.24.150(d),statute,AS 25.24.150(d),True,genuine,False,hit,,
doc-0042,AS 25.20.060(a),statute,AS 25.20.060(a),True,genuine,False,hit,,
doc-0042,AS 25.30.460,statute,AS 25.30.460,True,genuine,False,hit,,
doc-0042,AS 25.24.150,statute,AS 25.24.150,True,genuine,False,hit,,
doc-0042,Civil Rule 90.3,rule,civ 90.3,True,genuine,False,hit,,
doc-0042,Civil Rule 90.3(a),rule,civ 90.3(a),True,genuine,False,hit,,
doc-0042,Civil Rule 90.3(b),rule,civ 90.3(b),True,genuine,False,hit,,
doc-0042,Civil Rule 90.7(e),rule,civ 90.7(e),True,genuine,False,hit,,
doc-0042,Alaska R. Evid. 706(a),rule,evid 706(a),True,genuine,False,hit,,
doc-0042,"Dawn Golden v. Timothy B. Golden, 563 P.3d 1131 (Alaska 2025)",case,563 P.3d 1131,True,genuine,False,hit,,
doc-0042,"Smith v. Weekley, 73 P.3d 1219 (Alaska 2003)",case,73 P.3d 1219,True,genuine,False,hit,,
doc-0042,"Nancy M. v. John M., 308 P.3d 1130 (Alaska 2013)",case,308 P.3d 1130,True,genuine,False,hit,,
doc-0042,"Pingree v. Cossette, 424 P.3d 371 (Alaska 2018)",case,424 P.3d 371,True,genuine,False,hit,,
doc-0042,"Layne v. Niles, 632 P.2d 234 (Alaska 1981)",case,632 P.2d 234,True,genuine,False,hit,,
doc-0042,"Bruce H. v. Jennifer L., 407 P.3d 432 (Alaska 2017)",case,407 P.3d 432,True,genuine,False,hit,,
doc-0042,"Mendel-Gleason v. Harris, 261 P.3d 397 (Alaska 2011)",case,261 P.3d 397,True,genuine,False,hit,,
doc-0043,AS 25.24.933,statute,AS 25.24.933,False,fabricated_statute,False,hit,,
doc-0043,AS 25.20.968,statute,AS 25.20.968,False,fabricated_statute,False,hit,,
doc-0043,AS 25.20.060,statute,AS 25.20.060,True,genuine,False,hit,,
doc-0043,AS 25.24.150,statute,AS 25.24.150,True,genuine,False,hit,,
doc-0043,AS 25.20.060(a),statute,AS 25.20.060(a),True,genuine,False,hit,,
doc-0043,AS 25.20.060(b),statute,AS 25.20.060(b),True,genuine,False,hit,,
doc-0043,AS 25.20.070,statute,AS 25.20.070,True,genuine,False,hit,,
doc-0043,AS 25.24.150(g),statute,AS 25.24.150(g),True,genuine,False,hit,,
doc-0043,AS 25.20.130,statute,AS 25.20.130,True,genuine,False,hit,,
doc-0043,AS 25.20.095(f),statute,AS 25.20.095(f),True,genuine,False,hit,,
doc-0043,AS 25.20.095,statute,AS 25.20.095,True,genuine,False,hit,,
doc-0043,Civil Rule 90.3,rule,civ 90.3,True,genuine,False,hit,,
doc-0043,Civil Rule 90.3(a),rule,civ 90.3(a),True,genuine,False,hit,,
doc-0043,Civil Rule 90.3(c),rule,civ 90.3(c),True,genuine,False,hit,,
doc-0043,Civil Rule 90.3(f),rule,civ 90.3(f),True,genuine,False,hit,,
doc-0043,Civil Rule 90.3(b),rule,civ 90.3(b),True,genuine,False,hit,,
doc-0043,Civil Rule 90.7(e),rule,civ 90.7(e),True,genuine,False,hit,,
doc-0043,"Geldermann v. Geldermann, 428 P.3d 477 (Alaska 2018)",case,428 P.3d 477,True,genuine,False,hit,,
doc-0043,"Rosario v. Clare, 378 P.3d 380 (Alaska 2016)",case,378 P.3d 380,True,genuine,False,hit,,
doc-0043,"Mendel-Gleason v. Harris, 261 P.3d 397 (Alaska 2011)",case,261 P.3d 397,True,genuine,False,hit,,
doc-0043,"Laramie Rainer v. Ryan Poole, 510 P.3d 476 (Alaska 2022)",case,510 P.3d 476,True,genuine,False,hit,,
doc-0043,"In Edith A. v. Jonah A., 433 P.3d 1157 (Alaska 2018)",case,433 P.3d 1157,True,genuine,True,hit,,
doc-0044,AS 25.20.060,statute,AS 25.20.060,True,genuine,False,hit,,
doc-0044,AS 25.24.150(c),statute,AS 25.24.150(c),True,genuine,False,hit,,
doc-0044,AS 25.20.060(b),statute,AS 25.20.060(b),True,genuine,False,hit,,
doc-0044,AS 25.20.070,statute,AS 25.20.070,True,genuine,False,hit,,
doc-0044,AS 25.24.150(g),statute,AS 25.24.150(g),True,genuine,False,hit,,
doc-0044,AS 25.20.060(c),statute,AS 25.20.060(c),True,genuine,False,hit,,
doc-0044,AS 25.20.110(a),statute,AS 25.20.110(a),True,genuine,False,hit,,
doc-0044,AS 25.20.060(a),statute,AS 25.20.060(a),True,genuine,False,hit,,
doc-0044,Civil Rule 90.3(a),rule,civ 90.3(a),True,genuine,False,hit,,
doc-0044,Civil Rule 90.3(b),rule,civ 90.3(b),True,genuine,False,hit,,
doc-0044,Civil Rule 16.2(e),rule,civ 16.2(e),True,genuine,False,hit,,
doc-0044,Alaska R. Evid. 505(a),rule,evid 505(a),True,genuine,False,hit,,
doc-0044,"See Brian Ott v. Haley Runa, 463 P.3d 180 (Alaska 2020)",case,463 P.3d 180,True,genuine,True,hit,,
doc-0044,"Andrea C. v. Marcus K., 355 P.3d 521 (Alaska 2015)",case,355 P.3d 521,True,genuine,False,hit,,
doc-0044,"Jayda Roman v. Cleveland Karren, 461 P.3d 1252 (Alaska 2020)",case,461 P.3d 1252,True,genuine,False,hit,,
doc-0044,"Mitchel Patrick Wolfgram v. Nadirah Vonshe Davis-Perkins, 545 P.3d 444 (Alaska 2024)",case,545 P.3d 444,True,genuine,False,hit,,
doc-0045,AS 25.20.060,statute,AS 25.20.060,True,genuine,False,hit,,
doc-0045,AS 25.24.150,statute,AS 25.24.150,True,genuine,False,hit,,
doc-0045,AS 25.24.150(c),statute,AS 25.24.150(c),True,genuine,False,hit,,
doc-0045,AS 25.24.150(d),statute,AS 25.24.150(d),True,genuine,False,hit,,
doc-0045,AS 25.20.080,statute,AS 25.20.080,True,genuine,False,hit,,
doc-0045,AS 25.20.060(a),statute,AS 25.20.060(a),True,genuine,False,hit,,
doc-0045,AS 25.20.060(c),statute,AS 25.20.060(c),True,genuine,False,hit,,
doc-0045,AS 25.20.110,statute,AS 25.20.110,True,genuine,False,hit,,
doc-0045,AS 25.27.060(c),statute,AS 25.27.060(c),True,genuine,False,hit,,
doc-0045,AS 25.27.060,statute,AS 25.27.060,True,genuine,False,hit,,
doc-0045,Civil Rule 90.3(a),rule,civ 90.3(a),True,genuine,False,hit,,
doc-0045,Civil Rule 90.3(f),rule,civ 90.3(f),True,genuine,False,hit,,
doc-0045,Civil Rule 90.3(b),rule,civ 90.3(b),True,genuine,False,hit,,
doc-0045,Civil Rule 90.3(c),rule,civ 90.3(c),True,genuine,False,hit,,
doc-0045,Civil Rule 90.7(e),rule,civ 90.7(e),True,genuine,False,hit,,
doc-0045,Alaska R. Evid. 706(a),rule,evid 706(a),True,genuine,False,hit,,
doc-0045,"See Andrea C. v. Marcus K., 355 P.3d 521 (Alaska 2015)",case,355 P.3d 521,True,genuine,True,hit,,
doc-0045,"Smith v. Weekley, 73 P.3d 1219 (Alaska 2003)",case,73 P.3d 1219,True,genuine,False,hit,,
doc-0045,"Andrea C. v. Marcus K., 355 P.3d 521 (Alaska 2015)",case,355 P.3d 521,True,genuine,False,hit,,
doc-0045,"Geldermann v. Geldermann, 428 P.3d 477 (Alaska 2018)",case,428 P.3d 477,True,genuine,False,hit,,
doc-0045,"Rosario v. Clare, 378 P.3d 380 (Alaska 2016)",case,378 P.3d 380,True,genuine,False,hit,,
doc-0045,"See Barrett v. Alguire, 35 P.3d 1 (Alaska 2001)",case,35 P.3d 1,True,genuine,True,hit,,
doc-0045,"Havel v. Hogan, 216 P.3d 1142 (Alaska 2009)",case,216 P.3d 1142,True,genuine,False,hit,,
doc-0045,"See Mendel-Gleason v. Harris, 261 P.3d 397 (Alaska 2011)",case,261 P.3d 397,True,genuine,True,hit,,
doc-0046,"Halvers v. Pruitt, 528 P.3d 276 (Alaska 2023)",case,528 P.3d 276,False,fabricated_case,False,hit,,
doc-0046,AS 25.24.996,statute,AS 25.24.996,False,fabricated_statute,False,hit,,
doc-0046,AS 25.24.994,statute,AS 25.24.994,False,fabricated_statute,False,hit,,
doc-0046,AS 25.24.150(a),statute,AS 25.24.150(a),True,genuine,False,hit,,
doc-0046,Civil Rule 90.3(f),rule,civ 90.3(f),True,genuine,False,hit,,
doc-0046,Civil Rule 90.3(b),rule,civ 90.3(b),True,genuine,False,hit,,
doc-0046,Civil Rule 90.3(a),rule,civ 90.3(a),True,genuine,False,hit,,
doc-0046,Civil Rule 90.3(c),rule,civ 90.3(c),True,genuine,False,hit,,
doc-0046,Civil Rule 16.2(e),rule,civ 16.2(e),True,genuine,False,hit,,
doc-0046,"Mendel-Gleason v. Harris, 261 P.3d 397 (Alaska 2011)",case,261 P.3d 397,True,genuine,False,hit,,
doc-0046,"Saffir v. Wheeler, 436 P.3d 1009 (Alaska 2019)",case,436 P.3d 1009,True,genuine,False,hit,,
doc-0046,"Bruce H. v. Jennifer L., 407 P.3d 432 (Alaska 2017)",case,407 P.3d 432,True,genuine,False,hit,,
doc-0046,"J. M. v. S. C., 552 P.3d 475 (Alaska 2024)",case,552 P.3d 475,True,genuine,False,hit,,
doc-0046,"Brian Ott v. Haley Runa, 463 P.3d 180 (Alaska 2020)",case,463 P.3d 180,True,genuine,False,hit,,
doc-0047,AS 25.20.931,statute,AS 25.20.931,False,fabricated_statute,False,hit,,
doc-0047,"Mendel-Gleason v. Harris, 714 P.3d 266 (Alaska 2011)",case,714 P.3d 266,False,wrong_reporter,False,hit,,
doc-0047,"Restol v. Manshen, 351 P.3d 100 (Alaska 2021)",case,351 P.3d 100,False,fabricated_case,False,hit,,
doc-0047,AS 25.30.300,statute,AS 25.30.300,True,genuine,False,hit,,
doc-0047,AS 25.30.300(a),statute,AS 25.30.300(a),True,genuine,False,hit,,
doc-0047,AS 25.24.150,statute,AS 25.24.150,True,genuine,False,hit,,
doc-0047,AS 25.24.150(c),statute,AS 25.24.150(c),True,genuine,False,hit,,
doc-0047,AS 25.24.150(d),statute,AS 25.24.150(d),True,genuine,False,hit,,
doc-0047,AS 25.24.150(a),statute,AS 25.24.150(a),True,genuine,False,hit,,
doc-0047,AS 25.24.150(g),statute,AS 25.24.150(g),True,genuine,False,hit,,
doc-0047,Civil Rule 86(l),rule,civ 86(l),True,genuine,False,hit,,
doc-0047,"In Pingree v. Cossette, 424 P.3d 371 (Alaska 2018)",case,424 P.3d 371,True,genuine,True,hit,,
doc-0047,"Bruce H. v. Jennifer L., 407 P.3d 432 (Alaska 2017)",case,407 P.3d 432,True,genuine,False,hit,,
doc-0047,"In Van Sickle v. McGraw, 134 P.3d 338 (Alaska 2006)",case,134 P.3d 338,True,genuine,True,hit,,
doc-0047,"Nancy M. v. John M., 308 P.3d 1130 (Alaska 2013)",case,308 P.3d 1130,True,genuine,False,hit,,
doc-0047,"In Brian Ott v. Haley Runa, 463 P.3d 180 (Alaska 2020)",case,463 P.3d 180,True,genuine,True,hit,,
doc-0048,AS 25.30.300,statute,AS 25.30.300,True,genuine,False,hit,,
doc-0048,AS 25.30.300(a),statute,AS 25.30.300(a),True,genuine,False,hit,,
doc-0048,AS 25.30.300(b),statute,AS 25.30.300(b),True,genuine,False,hit,,
doc-0048,AS 25.30.300(c),statute,AS 25.30.300(c),True,genuine,False,hit,,
doc-0048,AS 25.24.150(c),statute,AS 25.24.150(c),True,genuine,False,hit,,
doc-0048,AS 25.30.310,statute,AS 25.30.310,True,genuine,False,hit,,
doc-0048,AS 25.30.460,statute,AS 25.30.460,True,genuine,False,hit,,
doc-0048,AS 25.24.150,statute,AS 25.24.150,True,genuine,False,hit,,
doc-0048,Civil Rule 65(e),rule,civ 65(e),True,genuine,False,hit,,
doc-0048,"See Melendrez v. Melendrez, 143 P.3d 957 (Alaska 2006)",case,143 P.3d 957,True,genuine,True,hit,,
doc-0048,"In Lee v. Cox, 790 P.2d 1359 (Alaska 1990)",case,790 P.2d 1359,True,genuine,True,hit,,
doc-0048,"See Michael W. v. Brown, 433 P.3d 1105 (Alaska 2018)",case,433 P.3d 1105,True,genuine,True,hit,,
doc-0048,"In Jacob G. v. Savanah F., 545 P.3d 885 (Alaska 2024)",case,545 P.3d 885,True,genuine,True,hit,,
doc-0048,"Sheffield v. Sheffield, 265 P.3d 332 (Alaska 2011)",case,265 P.3d 332,True,genuine,False,hit,,
doc-0048,"Melendrez v. Melendrez, 143 P.3d 957 (Alaska 2006)",case,143 P.3d 957,True,genuine,False,hit,,
doc-0049,Alaska R. Evid. 930(a),rule,evid 930(a),False,fabricated_rule,False,hit,,
doc-0049,"Corbeau v. Dietrich, 445 P.3d 830 (Alaska 2009)",case,445 P.3d 830,False,fabricated_case,False,hit,,
doc-0049,Alaska R. Evid. 938(a),rule,evid 938(a),False,fabricated_rule,False,hit,,
doc-0049,AS 25.20.060,statute,AS 25.20.060,True,genuine,False,hit,,
doc-0049,AS 25.24.150(c),statute,AS 25.24.150(c),True,genuine,False,hit,,
doc-0049,AS 25.20.070,statute,AS 25.20.070,True,genuine,False,hit,,
doc-0049,AS 25.24.150(g),statute,AS 25.24.150(g),True,genuine,False,hit,,
doc-0049,AS 25.20.090,statute,AS 25.20.090,True,genuine,False,hit,,
doc-0049,AS 25.20.060(a),statute,AS 25.20.060(a),True,genuine,False,hit,,
doc-0049,AS 25.20.060(c),statute,AS 25.20.060(c),True,genuine,False,hit,,
doc-0049,AS 25.20.090(5),statute,AS 25.20.090(5),True,genuine,False,hit,,
doc-0049,Civil Rule 90.3(a),rule,civ 90.3(a),True,genuine,False,hit,,
doc-0049,Civil Rule 90.3(b),rule,civ 90.3(b),True,genuine,False,hit,,
doc-0049,Alaska R. Evid. 104(a),rule,evid 104(a),True,genuine,False,hit,,
doc-0049,"In Smith v. Weekley, 73 P.3d 1219 (Alaska 2003)",case,73 P.3d 1219,True,genuine,True,hit,,
doc-0049,"In Pingree v. Cossette, 424 P.3d 371 (Alaska 2018)",case,424 P.3d 371,True,genuine,True,hit,,
doc-0049,"In Rooney v. Rooney, 914 P.2d 212 (Alaska 1996)",case,914 P.2d 212,True,genuine,True,hit,,
doc-0049,"In Brian Ott v. Haley Runa, 463 P.3d 180 (Alaska 2020)",case,463 P.3d 180,True,genuine,True,hit,,
doc-0049,"Pingree v. Cossette, 424 P.3d 371 (Alaska 2018)",case,424 P.3d 371,True,genuine,False,hit,,
doc-0049,"Nancy M. v. John M., 308 P.3d 1130 (Alaska 2013)",case,308 P.3d 1130,True,genuine,False,hit,,
doc-0049,"Rooney v. Rooney, 914 P.2d 212 (Alaska 1996)",case,914 P.2d 212,True,genuine,False,hit,,
doc-0050,"Rooney v. Rooney, 515 P.2d 554 (Alaska 1996)",case,515 P.2d 554,False,wrong_reporter,False,hit,,
doc-0050,"Marden v. Colquhoun, 465 P.3d 777 (Alaska 2017)",case,465 P.3d 777,False,fabricated_case,False,hit,,
doc-0050,AS 25.30.300,statute,AS 25.30.300,True,genuine,False,hit,,
doc-0050,AS 25.30.300(a),statute,AS 25.30.300(a),True,genuine,False,hit,,
doc-0050,AS 25.30.300(b),statute,AS 25.30.300(b),True,genuine,False,hit,,
doc-0050,AS 25.30.300(c),statute,AS 25.30.300(c),True,genuine,False,hit,,
doc-0050,AS 25.30.310,statute,AS 25.30.310,True,genuine,False,hit,,
doc-0050,AS 25.30.340,statute,AS 25.30.340,True,genuine,False,hit,,
doc-0050,Civil Rule 90.3,rule,civ 90.3,True,genuine,False,hit,,
doc-0050,Civil Rule 90.3(a),rule,civ 90.3(a),True,genuine,False,hit,,
doc-0050,Civil Rule 90.3(b),rule,civ 90.3(b),True,genuine,False,hit,,
doc-0050,Civil Rule 90.3(c),rule,civ 90.3(c),True,genuine,False,hit,,
doc-0050,Civil Rule 86(l),rule,civ 86(l),True,genuine,False,hit,,
doc-0050,Alaska R. Evid. 501,rule,evid 501,True,genuine,False,hit,,
doc-0050,Alaska R. Evid. 505(a),rule,evid 505(a),True,genuine,False,hit,,
doc-0050,Alaska R. Evid. 104(a),rule,evid 104(a),True,genuine,False,hit,,
doc-0050,"See Carle v. Carle, 503 P.2d 1050 (Alaska 1972)",case,503 P.2d 1050,True,genuine,True,hit,,
doc-0050,"See Judd v. Burns, 397 P.3d 331 (Alaska 2017)",case,397 P.3d 331,True,genuine,True,hit,,
doc-0050,"Sheffield v. Sheffield, 265 P.3d 332 (Alaska 2011)",case,265 P.3d 332,True,genuine,False,hit,,
doc-0050,"In Rooney v. Rooney, 914 P.2d 212 (Alaska 1996)",case,914 P.2d 212,True,genuine,True,hit,,
doc-0050,"In Dd v. Lah, 27 P.3d 757 (Alaska 2001)",case,27 P.3d 757,True,genuine,True,hit,,
doc-0050,"In Judd v. Burns, 397 P.3d 331 (Alaska 2017)",case,397 P.3d 331,True,genuine,True,hit,,
doc-0050,"In Sheffield v. Sheffield, 265 P.3d 332 (Alaska 2011)",case,265 P.3d 332,True,genuine,True,hit,,
doc-0050,"In Bruce H. v. Jennifer L., 407 P.3d 432 (Alaska 2017)",case,407 P.3d 432,True,genuine,True,hit,,
doc-0050,"In McQuade v. McQuade, 901 P.2d 421 (Alaska 1995)",case,901 P.2d 421,True,genuine,True,hit,,
doc-0051,AS 25.20.060,statute,AS 25.20.060,True,genuine,False,hit,,
doc-0051,AS 25.20.060(a),statute,AS 25.20.060(a),True,genuine,False,hit,,
doc-0051,AS 25.20.060(b),statute,AS 25.20.060(b),True,genuine,False,hit,,
doc-0051,AS 25.20.060(c),statute,AS 25.20.060(c),True,genuine,False,hit,,
doc-0051,AS 25.24.150(c),statute,AS 25.24.150(c),True,genuine,False,hit,,
doc-0051,AS 25.24.150(d),statute,AS 25.24.150(d),True,genuine,False,hit,,
doc-0051,AS 25.20.110(a),statute,AS 25.20.110(a),True,genuine,False,hit,,
doc-0051,AS 25.24.150,statute,AS 25.24.150,True,genuine,False,hit,,
doc-0051,Civil Rule 90.3,rule,civ 90.3,True,genuine,False,hit,,
doc-0051,Civil Rule 90.3(a),rule,civ 90.3(a),True,genuine,False,hit,,
doc-0051,Civil Rule 90.3(b),rule,civ 90.3(b),True,genuine,False,hit,,
doc-0051,Civil Rule 90.3(c),rule,civ 90.3(c),True,genuine,False,hit,,
doc-0051,"Jaymot v. Skillings-Donat, 216 P.3d 534 (Alaska 2009)",case,216 P.3d 534,True,genuine,False,hit,,
doc-0051,"Brian Ott v. Haley Runa, 463 P.3d 180 (Alaska 2020)",case,463 P.3d 180,True,genuine,False,hit,,
doc-0051,"Pingree v. Cossette, 424 P.3d 371 (Alaska 2018)",case,424 P.3d 371,True,genuine,False,hit,,
doc-0051,"Harris v. Governale, 311 P.3d 1052 (Alaska 2013)",case,311 P.3d 1052,True,genuine,False,hit,,
doc-0051,"Mendel-Gleason v. Harris, 261 P.3d 397 (Alaska 2011)",case,261 P.3d 397,True,genuine,False,hit,,
doc-0051,"Jayda Roman v. Cleveland Karren, 461 P.3d 1252 (Alaska 2020)",case,461 P.3d 1252,True,genuine,False,hit,,
doc-0052,AS 25.20.060,statute,AS 25.20.060,True,genuine,False,hit,,
doc-0052,AS 25.24.150(c),statute,AS 25.24.150(c),True,genuine,False,hit,,
doc-0052,AS 25.30.310,statute,AS 25.30.310,True,genuine,False,hit,,
doc-0052,AS 25.24.150(d),statute,AS 25.24.150(d),True,genuine,False,hit,,
doc-0052,AS 25.20.070,statute,AS 25.20.070,True,genuine,False,hit,,
doc-0052,AS 25.20.060(a),statute,AS 25.20.060(a),True,genuine,False,hit,,
doc-0052,AS 25.24.150,statute,AS 25.24.150,True,genuine,False,hit,,
doc-0052,Civil Rule 90.7(a),rule,civ 90.7(a),True,genuine,False,hit,,
doc-0052,Civil Rule 90.7(e),rule,civ 90.7(e),True,genuine,False,hit,,
doc-0052,Civil Rule 90.3(b),rule,civ 90.3(b),True,genuine,False,hit,,
doc-0052,"McQuade v. McQuade, 901 P.2d 421 (Alaska 1995)",case,901 P.2d 421,True,genuine,False,hit,,
doc-0052,"See Jacob G. v. Savanah F., 545 P.3d 885 (Alaska 2024)",case,545 P.3d 885,True,genuine,True,hit,,
doc-0052,"Rego v. Rego, 259 P.3d 447 (Alaska 2011)",case,259 P.3d 447,True,genuine,False,hit,,
doc-0052,"Brett M. v. Amanda M., 445 P.3d 1005 (Alaska 2019)",case,445 P.3d 1005,True,genuine,False,hit,,
doc-0053,AS 25.30.300,statute,AS 25.30.300,True,genuine,False,hit,,
doc-0053,AS 25.24.150,statute,AS 25.24.150,True,genuine,False,hit,,
doc-0053,AS 25.20.060,statute,AS 25.20.060,True,genuine,False,hit,,
doc-0053,AS 25.30.300(a),statute,AS 25.30.300(a),True,genuine,False,hit,,
doc-0053,AS 25.30.300(b),statute,AS 25.30.300(b),True,genuine,False,hit,,
doc-0053,AS 25.20.060(a),statute,AS 25.20.060(a),True,genuine,False,hit,,
doc-0053,AS 25.24.150(c),statute,AS 25.24.150(c),True,genuine,False,hit,,
doc-0053,AS 25.24.150(g),statute,AS 25.24.150(g),True,genuine,False,hit,,
doc-0053,AS 25.24.150(d),statute,AS 25.24.150(d),True,genuine,False,hit,,
doc-0053,AS 25.20.060(b),statute,AS 25.20.060(b),True,genuine,False,hit,,
doc-0053,AS 25.20.060(c),statute,AS 25.20.060(c),True,genuine,False,hit,,
doc-0053,AS 25.30.300(c),statute,AS 25.30.300(c),True,genuine,False,hit,,
doc-0053,AS 25.30.310,statute,AS 25.30.310,True,genuine,False,hit,,
doc-0053,AS 25.24.150(a),statute,AS 25.24.150(a),True,genuine,False,hit,,
doc-0053,Civil Rule 90.3(a),rule,civ 90.3(a),True,genuine,False,hit,,
doc-0053,Civil Rule 90.3(f),rule,civ 90.3(f),True,genuine,False,hit,,
doc-0053,Civil Rule 90.3(b),rule,civ 90.3(b),True,genuine,False,hit,,
doc-0053,"Jayda Roman v. Cleveland Karren, 461 P.3d 1252 (Alaska 2020)",case,461 P.3d 1252,True,genuine,False,hit,,
doc-0053,"Dawn Golden v. Timothy B. Golden, 563 P.3d 1131 (Alaska 2025)",case,563 P.3d 1131,True,genuine,False,hit,,
doc-0053,"Smith v. Weekley, 73 P.3d 1219 (Alaska 2003)",case,73 P.3d 1219,True,genuine,False,hit,,
doc-0053,"Pingree v. Cossette, 424 P.3d 371 (Alaska 2018)",case,424 P.3d 371,True,genuine,False,hit,,
doc-0053,"Rosemarie P. v. Kelly B., 504 P.3d 260 (Alaska 2021)",case,504 P.3d 260,True,genuine,False,hit,,
doc-0054,Civil Rule 958(b),rule,civ 958(b),False,fabricated_rule,False,hit,,
doc-0054,Civil Rule 942(e),rule,civ 942(e),False,fabricated_rule,False,hit,,
doc-0054,AS 25.20.060,statute,AS 25.20.060,True,genuine,False,hit,,
doc-0054,AS 25.24.150,statute,AS 25.24.150,True,genuine,False,hit,,
doc-0054,AS 25.20.060(a),statute,AS 25.20.060(a),True,genuine,False,hit,,
doc-0054,AS 25.24.150(c),statute,AS 25.24.150(c),True,genuine,False,hit,,
doc-0054,AS 25.24.150(g),statute,AS 25.24.150(g),True,genuine,False,hit,,
doc-0054,AS 25.20.060(b),statute,AS 25.20.060(b),True,genuine,False,hit,,
doc-0054,AS 25.24.150(d),statute,AS 25.24.150(d),True,genuine,False,hit,,
doc-0054,AS 25.20.060(c),statute,AS 25.20.060(c),True,genuine,False,hit,,
doc-0054,AS 25.20.090,statute,AS 25.20.090,True,genuine,False,hit,,
doc-0054,AS 25.24.310(c),statute,AS 25.24.310(c),True,genuine,False,hit,,
doc-0054,AS 25.20.110,statute,AS 25.20.110,True,genuine,False,hit,,
doc-0054,AS 25.20.090(5),statute,AS 25.20.090(5),True,genuine,False,hit,,
doc-0054,AS 25.20.090(3),statute,AS 25.20.090(3),True,genuine,False,hit,,
doc-0054,AS 25.20.090(6),statute,AS 25.20.090(6),True,genuine,False,hit,,
doc-0054,Civil Rule 90.3,rule,civ 90.3,True,genuine,False,hit,,
doc-0054,Civil Rule 90.3(f),rule,civ 90.3(f),True,genuine,False,hit,,
doc-0054,Civil Rule 90.3(a),rule,civ 90.3(a),True,genuine,False,hit,,
doc-0054,Civil Rule 90.3(c),rule,civ 90.3(c),True,genuine,False,hit,,
doc-0054,Civil Rule 16.2(e),rule,civ 16.2(e),True,genuine,False,hit,,
doc-0054,Alaska R. Evid. 706(a),rule,evid 706(a),True,genuine,False,hit,,
doc-0054,"Blanton v. Yourkowski, 180 P.3d 948 (Alaska 2008)",case,180 P.3d 948,True,genuine,False,hit,,
doc-0054,"Littleton v. Banks, 192 P.3d 154 (Alaska 2008)",case,192 P.3d 154,True,genuine,False,hit,,
doc-0054,"Saffir v. Wheeler, 436 P.3d 1009 (Alaska 2019)",case,436 P.3d 1009,True,genuine,False,hit,,
doc-0054,"Rego v. Rego, 259 P.3d 447 (Alaska 2011)",case,259 P.3d 447,True,genuine,False,hit,,
doc-0054,"Weathers v. Weathers, 425 P.3d 131 (Alaska 2018)",case,425 P.3d 131,True,genuine,False,hit,,
doc-0054,"Dd v. Lah, 27 P.3d 757 (Alaska 2001)",case,27 P.3d 757,True,genuine,False,hit,,
doc-0055,AS 25.24.150(a),statute,AS 25.24.150(a),True,genuine,False,hit,,
doc-0055,AS 25.20.060(a),statute,AS 25.20.060(a),True,genuine,False,hit,,
doc-0055,AS 25.24.150(c),statute,AS 25.24.150(c),True,genuine,False,hit,,
doc-0055,AS 25.20.060(b),statute,AS 25.20.060(b),True,genuine,False,hit,,
doc-0055,AS 25.20.060(c),statute,AS 25.20.060(c),True,genuine,False,hit,,
doc-0055,AS 25.20.070,statute,AS 25.20.070,True,genuine,False,hit,,
doc-0055,Civil Rule 90.3(f),rule,civ 90.3(f),True,genuine,False,hit,,
doc-0055,Civil Rule 90.7(e),rule,civ 90.7(e),True,genuine,False,hit,,
doc-0055,Civil Rule 90.3(a),rule,civ 90.3(a),True,genuine,False,hit,,
doc-0055,"Peterson v. Swarthout, 214 P.3d 332 (Alaska 2009)",case,214 P.3d 332,True,genuine,False,hit,,
doc-0055,"In Peterson v. Swarthout, 214 P.3d 332 (Alaska 2009)",case,214 P.3d 332,True,genuine,True,hit,,
doc-0055,"Collier v. Harris, 377 P.3d 14 (Alaska 2016)",case,377 P.3d 14,True,genuine,False,hit,,
doc-0055,"In Pingree v. Cossette, 424 P.3d 371 (Alaska 2018)",case,424 P.3d 371,True,genuine,True,hit,,
doc-0056,AS 25.30.300,statute,AS 25.30.300,True,genuine,False,hit,,
doc-0056,AS 25.20.060,statute,AS 25.20.060,True,genuine,False,hit,,
doc-0056,AS 25.24.150(c),statute,AS 25.24.150(c),True,genuine,False,hit,,
doc-0056,AS 25.20.060(b),statute,AS 25.20.060(b),True,genuine,False,hit,,
doc-0056,AS 25.20.060(c),statute,AS 25.20.060(c),True,genuine,False,hit,,
doc-0056,AS 25.20.070,statute,AS 25.20.070,True,genuine,False,hit,,
doc-0056,AS 25.24.150(g),statute,AS 25.24.150(g),True,genuine,False,hit,,
doc-0056,AS 25.20.130,statute,AS 25.20.130,True,genuine,False,hit,,
doc-0056,Civil Rule 90.3,rule,civ 90.3,True,genuine,False,hit,,
doc-0056,Civil Rule 90.3(a),rule,civ 90.3(a),True,genuine,False,hit,,
doc-0056,Civil Rule 90.3(b),rule,civ 90.3(b),True,genuine,False,hit,,
doc-0056,Civil Rule 16.2(e),rule,civ 16.2(e),True,genuine,False,hit,,
doc-0056,"Rosenblum v. Perales, 303 P.3d 500 (Alaska 2013)",case,303 P.3d 500,True,genuine,False,hit,,
doc-0056,"In Buness v. Gillen, 781 P.2d 985 (Alaska 1989)",case,781 P.2d 985,True,genuine,True,hit,,
doc-0056,"Jaymot v. Skillings-Donat, 216 P.3d 534 (Alaska 2009)",case,216 P.3d 534,True,genuine,False,hit,,
doc-0056,"Pingree v. Cossette, 424 P.3d 371 (Alaska 2018)",case,424 P.3d 371,True,genuine,False,hit,,
doc-0056,"Harris v. Governale, 311 P.3d 1052 (Alaska 2013)",case,311 P.3d 1052,True,genuine,False,hit,,
doc-0056,"See Mendel-Gleason v. Harris, 261 P.3d 397 (Alaska 2011)",case,261 P.3d 397,True,genuine,True,hit,,
doc-0057,AS 25.20.947,statute,AS 25.20.947,False,fabricated_statute,False,hit,,
doc-0057,AS 25.24.909,statute,AS 25.24.909,False,fabricated_statute,False,hit,,
doc-0057,AS 25.20.060(c),statute,AS 25.20.060(c),True,genuine,False,hit,,
doc-0057,AS 25.20.060(a),statute,AS 25.20.060(a),True,genuine,False,hit,,
doc-0057,AS 25.24.150(a),statute,AS 25.24.150(a),True,genuine,False,hit,,
doc-0057,AS 25.30.909(7),statute,AS 25.30.909(7),True,genuine,False,hit,,
doc-0057,AS 25.30.909(8),statute,AS 25.30.909(8),True,genuine,False,hit,,
doc-0057,Civil Rule 65(e),rule,civ 65(e),True,genuine,False,hit,,
doc-0057,Civil Rule 90.3(a),rule,civ 90.3(a),True,genuine,False,hit,,
doc-0057,Civil Rule 90.3(f),rule,civ 90.3(f),True,genuine,False,hit,,
doc-0057,Civil Rule 90.3(b),rule,civ 90.3(b),True,genuine,False,hit,,
doc-0057,"Mendel-Gleason v. Harris, 261 P.3d 397 (Alaska 2011)",case,261 P.3d 397,True,genuine,False,hit,,
doc-0057,"Yelena R. v. George R., 326 P.3d 989 (Alaska 2014)",case,326 P.3d 989,True,genuine,False,hit,,
doc-0057,"Blanton v. Yourkowski, 180 P.3d 948 (Alaska 2008)",case,180 P.3d 948,True,genuine,False,hit,,
doc-0057,"Jacob G. v. Savanah F., 545 P.3d 885 (Alaska 2024)",case,545 P.3d 885,True,genuine,False,hit,,
doc-0058,AS 25.24.909,statute,AS 25.24.909,False,fabricated_statute,False,hit,,
doc-0058,AS 25.20.933,statute,AS 25.20.933,False,fabricated_statute,False,hit,,
doc-0058,AS 25.24.914,statute,AS 25.24.914,False,fabricated_statute,False,hit,,
doc-0058,AS 25.30.300,statute,AS 25.30.300,True,genuine,False,hit,,
doc-0058,AS 25.30.300(a),statute,AS 25.30.300(a),True,genuine,False,hit,,
doc-0058,AS 25.20.060(a),statute,AS 25.20.060(a),True,genuine,False,hit,,
doc-0058,AS 25.20.060(b),statute,AS 25.20.060(b),True,genuine,False,hit,,
doc-0058,AS 25.20.060(c),statute,AS 25.20.060(c),True,genuine,False,hit,,
doc-0058,AS 25.24.150(g),statute,AS 25.24.150(g),True,genuine,False,hit,,
doc-0058,AS 25.20.110,statute,AS 25.20.110,True,genuine,False,hit,,
doc-0058,AS 25.30.310(a),statute,AS 25.30.310(a),True,genuine,False,hit,,
doc-0058,Civil Rule 90.3,rule,civ 90.3,True,genuine,False,hit,,
doc-0058,Civil Rule 90.3(a),rule,civ 90.3(a),True,genuine,False,hit,,
doc-0058,Civil Rule 90.3(b),rule,civ 90.3(b),True,genuine,False,hit,,
doc-0058,Civil Rule 90.3(c),rule,civ 90.3(c),True,genuine,False,hit,,
doc-0058,"Smith v. Weekley, 73 P.3d 1219 (Alaska 2003)",case,73 P.3d 1219,True,genuine,False,hit,,
doc-0058,"Blanton v. Yourkowski, 180 P.3d 948 (Alaska 2008)",case,180 P.3d 948,True,genuine,False,hit,,
doc-0058,"Mendel-Gleason v. Harris, 261 P.3d 397 (Alaska 2011)",case,261 P.3d 397,True,genuine,False,hit,,
doc-0058,"Nancy M. v. John M., 308 P.3d 1130 (Alaska 2013)",case,308 P.3d 1130,True,genuine,False,hit,,
doc-0058,"Brian Ott v. Haley Runa, 463 P.3d 180 (Alaska 2020)",case,463 P.3d 180,True,genuine,False,hit,,
doc-0058,"Carle v. Carle, 503 P.2d 1050 (Alaska 1972)",case,503 P.2d 1050,True,genuine,False,hit,,
doc-0058,"Naquin v. Naquin, 974 P.2d 383 (Alaska 1999)",case,974 P.2d 383,True,genuine,False,hit,,
doc-0059,AS 25.24.900,statute,AS 25.24.900,False,fabricated_statute,False,hit,,
doc-0059,AS 25.20.936,statute,AS 25.20.936,False,fabricated_statute,False,hit,,
doc-0059,Civil Rule 964(a),rule,civ 964(a),False,fabricated_rule,False,hit,,
doc-0059,AS 25.20.060,statute,AS 25.20.060,True,genuine,False,hit,,
doc-0059,AS 25.20.060(b),statute,AS 25.20.060(b),True,genuine,False,hit,,
doc-0059,AS 25.20.070,statute,AS 25.20.070,True,genuine,False,hit,,
doc-0059,AS 25.20.090,statute,AS 25.20.090,True,genuine,False,hit,,
doc-0059,AS 25.20.060(a),statute,AS 25.20.060(a),True,genuine,False,hit,,
doc-0059,AS 25.20.090(6),statute,AS 25.20.090(6),True,genuine,False,hit,,
doc-0059,AS 25.24.150(a),statute,AS 25.24.150(a),True,genuine,False,hit,,
doc-0059,AS 25.24.150,statute,AS 25.24.150,True,genuine,False,hit,,
doc-0059,Civil Rule 90.3,rule,civ 90.3,True,genuine,False,hit,,
doc-0059,Civil Rule 90.3(f),rule,civ 90.3(f),True,genuine,False,hit,,
doc-0059,Civil Rule 90.3(b),rule,civ 90.3(b),True,genuine,False,hit,,
doc-0059,"Jaymot v. Skillings-Donat, 216 P.3d 534 (Alaska 2009)",case,216 P.3d 534,True,genuine,False,hit,,
doc-0059,"Littleton v. Banks, 192 P.3d 154 (Alaska 2008)",case,192 P.3d 154,True,genuine,False,hit,,
doc-0059,"Pingree v. Cossette, 424 P.3d 371 (Alaska 2018)",case,424 P.3d 371,True,genuine,False,hit,,
doc-0059,"Rooney v. Rooney, 914 P.2d 212 (Alaska 1996)",case,914 P.2d 212,True,genuine,False,hit,,
doc-0059,"Mendel-Gleason v. Harris, 261 P.3d 397 (Alaska 2011)",case,261 P.3d 397,True,genuine,False,hit,,
doc-0059,"Jacob G. v. Savanah F., 545 P.3d 885 (Alaska 2024)",case,545 P.3d 885,True,genuine,False,hit,,
doc-0059,"Sheffield v. Sheffield, 265 P.3d 332 (Alaska 2011)",case,265 P.3d 332,True,genuine,False,hit,,
doc-0060,AS 25.20.957,statute,AS 25.20.957,False,fabricated_statute,False,hit,,
doc-0060,AS 25.24.940,statute,AS 25.24.940,False,fabricated_statute,False,hit,,
doc-0060,Civil Rule 933,rule,civ 933,False,fabricated_rule,False,hit,,
doc-0060,AS 25.24.150,statute,AS 25.24.150,True,genuine,False,hit,,
doc-0060,AS 25.20.060,statute,AS 25.20.060,True,genuine,False,hit,,
doc-0060,AS 25.30.300,statute,AS 25.30.300,True,genuine,False,hit,,
doc-0060,AS 25.24.150(a),statute,AS 25.24.150(a),True,genuine,False,hit,,
doc-0060,AS 25.30.300(a),statute,AS 25.30.300(a),True,genuine,False,hit,,
doc-0060,AS 25.20.060(a),statute,AS 25.20.060(a),True,genuine,False,hit,,
doc-0060,AS 25.20.060(b),statute,AS 25.20.060(b),True,genuine,False,hit,,
doc-0060,AS 25.20.070,statute,AS 25.20.070,True,genuine,False,hit,,
doc-0060,AS 25.24.150(g),statute,AS 25.24.150(g),True,genuine,False,hit,,
doc-0060,Civil Rule 90.3(a),rule,civ 90.3(a),True,genuine,False,hit,,
doc-0060,Civil Rule 90.3(b),rule,civ 90.3(b),True,genuine,False,hit,,
doc-0060,"Jayda Roman v. Cleveland Karren, 461 P.3d 1252 (Alaska 2020)",case,461 P.3d 1252,True,genuine,False,hit,,
doc-0060,"See Sheffield v. Sheffield, 265 P.3d 332 (Alaska 2011)",case,265 P.3d 332,True,genuine,True,hit,,
doc-0060,"Pingree v. Cossette, 424 P.3d 371 (Alaska 2018)",case,424 P.3d 371,True,genuine,False,hit,,
doc-0060,"Rego v. Rego, 259 P.3d 447 (Alaska 2011)",case,259 P.3d 447,True,genuine,False,hit,,
doc-0060,"See Brian Ott v. Haley Runa, 463 P.3d 180 (Alaska 2020)",case,463 P.3d 180,True,genuine,True,hit,,
doc-0060,"Jacob G. v. Savanah F., 545 P.3d 885 (Alaska 2024)",case,545 P.3d 885,True,genuine,False,hit,,
doc-0061,AS 25.24.937,statute,AS 25.24.937,False,fabricated_statute,False,hit,,
doc-0061,AS 25.24.916,statute,AS 25.24.916,False,fabricated_statute,False,hit,,
doc-0061,"Sheffield v. Sheffield, 878 P.3d 115 (Alaska 2011)",case,878 P.3d 115,False,wrong_reporter,False,hit,,
doc-0061,AS 25.20.060,statute,AS 25.20.060,True,genuine,False,hit,,
doc-0061,AS 25.24.150(g),statute,AS 25.24.150(g),True,genuine,False,hit,,
doc-0061,AS 25.20.060(c),statute,AS 25.20.060(c),True,genuine,False,hit,,
doc-0061,AS 25.24.150(a),statute,AS 25.24.150(a),True,genuine,False,hit,,
doc-0061,Civil Rule 86(l),rule,civ 86(l),True,genuine,False,hit,,
doc-0061,Civil Rule 90.3,rule,civ 90.3,True,genuine,False,hit,,
doc-0061,Civil Rule 90.3(a),rule,civ 90.3(a),True,genuine,False,hit,,
doc-0061,Civil Rule 90.3(f),rule,civ 90.3(f),True,genuine,False,hit,,
doc-0061,Civil Rule 90.3(b),rule,civ 90.3(b),True,genuine,False,hit,,
doc-0061,Civil Rule 90.3(c),rule,civ 90.3(c),True,genuine,False,hit,,
doc-0061,"Bruce H. v. Jennifer L., 407 P.3d 432 (Alaska 2017)",case,407 P.3d 432,True,genuine,False,hit,,
doc-0061,"Blanton v. Yourkowski, 180 P.3d 948 (Alaska 2008)",case,180 P.3d 948,True,genuine,False,hit,,
doc-0061,"Mendel-Gleason v. Harris, 261 P.3d 397 (Alaska 2011)",case,261 P.3d 397,True,genuine,False,hit,,
doc-0061,"Carter v. Brodrick, 644 P.2d 850 (Alaska 1982)",case,644 P.2d 850,True,genuine,False,hit,,
doc-0061,"Barrett v. Alguire, 35 P.3d 1 (Alaska 2001)",case,35 P.3d 1,True,genuine,False,hit,,
doc-0061,"J. M. v. S. C., 552 P.3d 475 (Alaska 2024)",case,552 P.3d 475,True,genuine,False,hit,,
doc-0062,AS 25.24.929,statute,AS 25.24.929,False,fabricated_statute,False,hit,,
doc-0062,AS 25.20.943,statute,AS 25.20.943,False,fabricated_statute,False,hit,,
doc-0062,AS 25.20.940,statute,AS 25.20.940,False,fabricated_statute,False,hit,,
doc-0062,AS 25.20.060(a),statute,AS 25.20.060(a),True,genuine,False,hit,,
doc-0062,AS 25.24.150(g),statute,AS 25.24.150(g),True,genuine,False,hit,,
doc-0062,AS 25.20.060(b),statute,AS 25.20.060(b),True,genuine,False,hit,,
doc-0062,AS 25.24.150(d),statute,AS 25.24.150(d),True,genuine,False,hit,,
doc-0062,AS 25.20.080(f),statute,AS 25.20.080(f),True,genuine,False,hit,,
doc-0062,AS 25.30.909(7),statute,AS 25.30.909(7),True,genuine,False,hit,,
doc-0062,AS 25.30.909(8),statute,AS 25.30.909(8),True,genuine,False,hit,,
doc-0062,AS 25.30.460,statute,AS 25.30.460,True,genuine,False,hit,,
doc-0062,AS 25.30.480,statute,AS 25.30.480,True,genuine,False,hit,,
doc-0062,Civil Rule 90.3,rule,civ 90.3,True,genuine,False,hit,,
doc-0062,Civil Rule 90.3(a),rule,civ 90.3(a),True,genuine,False,hit,,
doc-0062,Civil Rule 90.3(f),rule,civ 90.3(f),True,genuine,False,hit,,
doc-0062,Civil Rule 90.3(b),rule,civ 90.3(b),True,genuine,False,hit,,
doc-0062,Civil Rule 86(l),rule,civ 86(l),True,genuine,False,hit,,
doc-0062,"Mendel-Gleason v. Harris, 261 P.3d 397 (Alaska 2011)",case,261 P.3d 397,True,genuine,False,hit,,
doc-0062,"Pingree v. Cossette, 424 P.3d 371 (Alaska 2018)",case,424 P.3d 371,True,genuine,False,hit,,
doc-0062,"Rooney v. Rooney, 914 P.2d 212 (Alaska 1996)",case,914 P.2d 212,True,genuine,False,hit,,
doc-0062,"Brian Ott v. Haley Runa, 463 P.3d 180 (Alaska 2020)",case,463 P.3d 180,True,genuine,False,hit,,
doc-0062,"Harris v. Governale, 311 P.3d 1052 (Alaska 2013)",case,311 P.3d 1052,True,genuine,False,hit,,
doc-0062,"Jaymot v. Skillings-Donat, 216 P.3d 534 (Alaska 2009)",case,216 P.3d 534,True,genuine,False,hit,,
doc-0062,"James R. v. Kylie R., 320 P.3d 273 (Alaska 2014)",case,320 P.3d 273,True,genuine,False,hit,,
doc-0063,AS 25.20.060,statute,AS 25.20.060,True,genuine,False,hit,,
doc-0063,AS 25.24.150(c),statute,AS 25.24.150(c),True,genuine,False,hit,,
doc-0063,AS 25.20.080,statute,AS 25.20.080,True,genuine,False,hit,,
doc-0063,AS 25.20.060(c),statute,AS 25.20.060(c),True,genuine,False,hit,,
doc-0063,AS 25.20.080(a),statute,AS 25.20.080(a),True,genuine,False,hit,,
doc-0063,AS 25.24.150,statute,AS 25.24.150,True,genuine,False,hit,,
doc-0063,Civil Rule 90.7(a),rule,civ 90.7(a),True,genuine,False,hit,,
doc-0063,Civil Rule 90.7(e),rule,civ 90.7(e),True,genuine,False,hit,,
doc-0063,Alaska R. Evid. 706(a),rule,evid 706(a),True,genuine,False,hit,,
doc-0063,"In Mendel-Gleason v. Harris, 261 P.3d 397 (Alaska 2011)",case,261 P.3d 397,True,genuine,True,hit,,
doc-0063,"Rego v. Rego, 259 P.3d 447 (Alaska 2011)",case,259 P.3d 447,True,genuine,False,hit,,
doc-0063,"In Brian Ott v. Haley Runa, 463 P.3d 180 (Alaska 2020)",case,463 P.3d 180,True,genuine,True,hit,,
doc-0063,"In Sheffield v. Sheffield, 265 P.3d 332 (Alaska 2011)",case,265 P.3d 332,True,genuine,True,hit,,
doc-0063,"In Jayda Roman v. Cleveland Karren, 461 P.3d 1252 (Alaska 2020)",case,461 P.3d 1252,True,genuine,True,hit,,
doc-0063,"In Rego v. Rego, 259 P.3d 447 (Alaska 2011)",case,259 P.3d 447,True,genuine,True,hit,,
doc-0063,"Sheffield v. Sheffield, 265 P.3d 332 (Alaska 2011)",case,265 P.3d 332,True,genuine,False,hit,,
doc-0064,AS 25.24.992,statute,AS 25.24.992,False,fabricated_statute,False,hit,,
doc-0064,AS 25.20.923,statute,AS 25.20.923,False,fabricated_statute,False,hit,,
doc-0064,AS 25.20.060,statute,AS 25.20.060,True,genuine,False,hit,,
doc-0064,AS 25.24.150(c),statute,AS 25.24.150(c),True,genuine,False,hit,,
doc-0064,AS 25.24.150(d),statute,AS 25.24.150(d),True,genuine,False,hit,,
doc-0064,AS 25.20.060(c),statute,AS 25.20.060(c),True,genuine,False,hit,,
doc-0064,AS 25.24.150,statute,AS 25.24.150,True,genuine,False,hit,,
doc-0064,Civil Rule 90.3(a),rule,civ 90.3(a),True,genuine,False,hit,,
doc-0064,Civil Rule 90.3(b),rule,civ 90.3(b),True,genuine,False,hit,,
doc-0064,"Green v. Parks, 338 P.3d 312 (Alaska 2014)",case,338 P.3d 312,True,genuine,False,hit,,
doc-0064,"Daves v. McKinley, 425 P.3d 92 (Alaska 2018)",case,425 P.3d 92,True,genuine,False,hit,,
doc-0064,"Pingree v. Cossette, 424 P.3d 371 (Alaska 2018)",case,424 P.3d 371,True,genuine,False,hit,,
doc-0064,"Mendel-Gleason v. Harris, 261 P.3d 397 (Alaska 2011)",case,261 P.3d 397,True,genuine,False,hit,,
doc-0064,"Jayda Roman v. Cleveland Karren, 461 P.3d 1252 (Alaska 2020)",case,461 P.3d 1252,True,genuine,False,hit,,
doc-0064,"James R. v. Kylie R., 320 P.3d 273 (Alaska 2014)",case,320 P.3d 273,True,genuine,False,hit,,
doc-0064,"Weathers v. Weathers, 425 P.3d 131 (Alaska 2018)",case,425 P.3d 131,True,genuine,False,hit,,
doc-0065,AS 25.20.060,statute,AS 25.20.060,True,genuine,False,hit,,
doc-0065,AS 25.24.150(c),statute,AS 25.24.150(c),True,genuine,False,hit,,
doc-0065,AS 25.20.060(b),statute,AS 25.20.060(b),True,genuine,False,hit,,
doc-0065,AS 25.20.060(c),statute,AS 25.20.060(c),True,genuine,False,hit,,
doc-0065,AS 25.24.150(g),statute,AS 25.24.150(g),True,genuine,False,hit,,
doc-0065,AS 25.30.310,statute,AS 25.30.310,True,genuine,False,hit,,
doc-0065,AS 25.30.310(a),statute,AS 25.30.310(a),True,genuine,False,hit,,
doc-0065,AS 25.20.060(a),statute,AS 25.20.060(a),True,genuine,False,hit,,
doc-0065,Civil Rule 90.3,rule,civ 90.3,True,genuine,False,hit,,
doc-0065,Civil Rule 90.3(a),rule,civ 90.3(a),True,genuine,False,hit,,
doc-0065,Civil Rule 90.3(b),rule,civ 90.3(b),True,genuine,False,hit,,
doc-0065,Civil Rule 90.3(c),rule,civ 90.3(c),True,genuine,False,hit,,
doc-0065,"Pingree v. Cossette, 424 P.3d 371 (Alaska 2018)",case,424 P.3d 371,True,genuine,False,hit,,
doc-0065,"Nancy M. v. John M., 308 P.3d 1130 (Alaska 2013)",case,308 P.3d 1130,True,genuine,False,hit,,
doc-0065,"Eniero v. Brekke, 192 P.3d 147 (Alaska 2008)",case,192 P.3d 147,True,genuine,False,hit,,
doc-0065,"Jaymot v. Skillings-Donat, 216 P.3d 534 (Alaska 2009)",case,216 P.3d 534,True,genuine,False,hit,,
doc-0065,"Brian Ott v. Haley Runa, 463 P.3d 180 (Alaska 2020)",case,463 P.3d 180,True,genuine,False,hit,,
doc-0065,"Chesser-Witmer v. Chesser, 117 P.3d 711 (Alaska 2005)",case,117 P.3d 711,True,genuine,False,hit,,
doc-0065,"Mendel-Gleason v. Harris, 261 P.3d 397 (Alaska 2011)",case,261 P.3d 397,True,genuine,False,hit,,
doc-0066,AS 25.20.060,statute,AS 25.20.060,True,genuine,False,hit,,
doc-0066,AS 25.30.310,statute,AS 25.30.310,True,genuine,False,hit,,
doc-0066,AS 25.20.060(a),statute,AS 25.20.060(a),True,genuine,False,hit,,
doc-0066,AS 25.24.150(c),statute,AS 25.24.150(c),True,genuine,False,hit,,
doc-0066,AS 25.24.150(d),statute,AS 25.24.150(d),True,genuine,False,hit,,
doc-0066,AS 25.20.090,statute,AS 25.20.090,True,genuine,False,hit,,
doc-0066,AS 25.20.060(c),statute,AS 25.20.060(c),True,genuine,False,hit,,
doc-0066,AS 25.20.090(5),statute,AS 25.20.090(5),True,genuine,False,hit,,
doc-0066,AS 25.24.150,statute,AS 25.24.150,True,genuine,False,hit,,
doc-0066,Civil Rule 90.3(b),rule,civ 90.3(b),True,genuine,False,hit,,
doc-0066,Alaska R. Evid. 706(a),rule,evid 706(a),True,genuine,False,hit,,
doc-0066,Civil Rule 90.3(a),rule,civ 90.3(a),True,genuine,False,hit,,
doc-0066,"Bruce H. v. Jennifer L., 407 P.3d 432 (Alaska 2017)",case,407 P.3d 432,True,genuine,False,hit,,
doc-0066,"James R. v. Kylie R., 320 P.3d 273 (Alaska 2014)",case,320 P.3d 273,True,genuine,False,hit,,
doc-0066,"Pingree v. Cossette, 424 P.3d 371 (Alaska 2018)",case,424 P.3d 371,True,genuine,False,hit,,
doc-0066,"Van Sickle v. McGraw, 134 P.3d 338 (Alaska 2006)",case,134 P.3d 338,True,genuine,False,hit,,
doc-0066,"Mendel-Gleason v. Harris, 261 P.3d 397 (Alaska 2011)",case,261 P.3d 397,True,genuine,False,hit,,
doc-0066,"Rooney v. Rooney, 914 P.2d 212 (Alaska 1996)",case,914 P.2d 212,True,genuine,False,hit,,
doc-0067,"Marden v. Colquhoun, 301 P.3d 721 (Alaska 2008)",case,301 P.3d 721,False,fabricated_case,False,hit,,
doc-0067,Civil Rule 990(a),rule,civ 990(a),False,fabricated_rule,False,hit,,
doc-0067,AS 25.20.060,statute,AS 25.20.060,True,genuine,False,hit,,
doc-0067,AS 25.24.150(c),statute,AS 25.24.150(c),True,genuine,False,hit,,
doc-0067,AS 25.24.150(g),statute,AS 25.24.150(g),True,genuine,False,hit,,
doc-0067,AS 25.20.060(b),statute,AS 25.20.060(b),True,genuine,False,hit,,
doc-0067,AS 25.24.150(d),statute,AS 25.24.150(d),True,genuine,False,hit,,
doc-0067,AS 25.20.060(c),statute,AS 25.20.060(c),True,genuine,False,hit,,
doc-0067,AS 25.20.060(a),statute,AS 25.20.060(a),True,genuine,False,hit,,
doc-0067,AS 25.20.110(a),statute,AS 25.20.110(a),True,genuine,False,hit,,
doc-0067,AS 25.24.150(a),statute,AS 25.24.150(a),True,genuine,False,hit,,
doc-0067,Civil Rule 90.3(f),rule,civ 90.3(f),True,genuine,False,hit,,
doc-0067,Civil Rule 90.3(d),rule,civ 90.3(d),True,genuine,False,hit,,
doc-0067,Civil Rule 16.2(e),rule,civ 16.2(e),True,genuine,False,hit,,
doc-0067,"Mendel-Gleason v. Harris, 261 P.3d 397 (Alaska 2011)",case,261 P.3d 397,True,genuine,False,hit,,
doc-0067,"Sheffield v. Sheffield, 265 P.3d 332 (Alaska 2011)",case,265 P.3d 332,True,genuine,False,hit,,
doc-0067,"See Jacob G. v. Savanah F., 545 P.3d 885 (Alaska 2024)",case,545 P.3d 885,True,genuine,True,hit,,
doc-0068,AS 25.20.060,statute,AS 25.20.060,True,genuine,False,hit,,
doc-0068,AS 25.24.150,statute,AS 25.24.150,True,genuine,False,hit,,
doc-0068,AS 25.20.060(a),statute,AS 25.20.060(a),True,genuine,False,hit,,
doc-0068,AS 25.24.150(c),statute,AS 25.24.150(c),True,genuine,False,hit,,
doc-0068,AS 25.20.060(b),statute,AS 25.20.060(b),True,genuine,False,hit,,
doc-0068,AS 25.20.070,statute,AS 25.20.070,True,genuine,False,hit,,
doc-0068,AS 25.30.300(a),statute,AS 25.30.300(a),True,genuine,False,hit,,
doc-0068,AS 25.24.150(a),statute,AS 25.24.150(a),True,genuine,False,hit,,
doc-0068,AS 25.24.150(d),statute,AS 25.24.150(d),True,genuine,False,hit,,
doc-0068,AS 25.24.150(j),statute,AS 25.24.150(j),True,genuine,False,hit,,
doc-0068,Civil Rule 90.7(a),rule,civ 90.7(a),True,genuine,False,hit,,
doc-0068,Civil Rule 90.6(a),rule,civ 90.6(a),True,genuine,False,hit,,
doc-0068,Civil Rule 90.3(a),rule,civ 90.3(a),True,genuine,False,hit,,
doc-0068,"Smith v. Weekley, 73 P.3d 1219 (Alaska 2003)",case,73 P.3d 1219,True,genuine,False,hit,,
doc-0068,"Hakas v. Bergenthal, 843 P.2d 642 (Alaska 1992)",case,843 P.2d 642,True,genuine,False,hit,,
doc-0068,"Jayda Roman v. Cleveland Karren, 461 P.3d 1252 (Alaska 2020)",case,461 P.3d 1252,True,genuine,False,hit,,
doc-0068,"Saffir v. Wheeler, 436 P.3d 1009 (Alaska 2019)",case,436 P.3d 1009,True,genuine,False,hit,,
doc-0068,"Co v. Matson, 313 P.3d 521 (Alaska 2013)",case,313 P.3d 521,True,genuine,False,hit,,
doc-0069,AS 25.20.060,statute,AS 25.20.060,True,genuine,False,hit,,
doc-0069,AS 25.24.150,statute,AS 25.24.150,True,genuine,False,hit,,
doc-0069,AS 25.24.150(c),statute,AS 25.24.150(c),True,genuine,False,hit,,
doc-0069,AS 25.20.060(b),statute,AS 25.20.060(b),True,genuine,False,hit,,
doc-0069,AS 25.20.060(a),statute,AS 25.20.060(a),True,genuine,False,hit,,
doc-0069,AS 25.30.909(7),statute,AS 25.30.909(7),True,genuine,False,hit,,
doc-0069,AS 25.20.060(c),statute,AS 25.20.060(c),True,genuine,False,hit,,
doc-0069,Civil Rule 90.3,rule,civ 90.3,True,genuine,False,hit,,
doc-0069,Civil Rule 90.3(a),rule,civ 90.3(a),True,genuine,False,hit,,
doc-0069,Civil Rule 90.3(b),rule,civ 90.3(b),True,genuine,False,hit,,
doc-0069,Civil Rule 90.3(c),rule,civ 90.3(c),True,genuine,False,hit,,
doc-0069,"Pingree v. Cossette, 424 P.3d 371 (Alaska 2018)",case,424 P.3d 371,True,genuine,False,hit,,
doc-0069,"Brian Ott v. Haley Runa, 463 P.3d 180 (Alaska 2020)",case,463 P.3d 180,True,genuine,False,hit,,
doc-0069,"Saffir v. Wheeler, 436 P.3d 1009 (Alaska 2019)",case,436 P.3d 1009,True,genuine,False,hit,,
doc-0069,"Yelena R. v. George R., 326 P.3d 989 (Alaska 2014)",case,326 P.3d 989,True,genuine,False,hit,,
doc-0069,"Nancy M. v. John M., 308 P.3d 1130 (Alaska 2013)",case,308 P.3d 1130,True,genuine,False,hit,,
doc-0070,AS 25.24.905,statute,AS 25.24.905,False,fabricated_statute,False,hit,,
doc-0070,Civil Rule 928(a),rule,civ 928(a),False,fabricated_rule,False,hit,,
doc-0070,AS 25.20.060,statute,AS 25.20.060,True,genuine,False,hit,,
doc-0070,AS 25.24.150(g),statute,AS 25.24.150(g),True,genuine,False,hit,,
doc-0070,AS 25.24.310(c),statute,AS 25.24.310(c),True,genuine,False,hit,,
doc-0070,AS 25.20.110(a),statute,AS 25.20.110(a),True,genuine,False,hit,,
doc-0070,Civil Rule 90.3(c),rule,civ 90.3(c),True,genuine,False,hit,,
doc-0070,Civil Rule 90.7(e),rule,civ 90.7(e),True,genuine,False,hit,,
doc-0070,Civil Rule 86(l),rule,civ 86(l),True,genuine,False,hit,,
doc-0070,"Elton H. v. Naomi R., 119 P.3d 969 (Alaska 2005)",case,119 P.3d 969,True,genuine,False,hit,,
doc-0070,"C.R.B. v. C.C., 959 P.2d 375 (Alaska 1998)",case,959 P.2d 375,True,genuine,False,hit,,
doc-0070,"Koller v. Reft, 71 P.3d 800 (Alaska 2003)",case,71 P.3d 800,True,genuine,False,hit,,
doc-0070,"Blanton v. Yourkowski, 180 P.3d 948 (Alaska 2008)",case,180 P.3d 948,True,genuine,False,hit,,
doc-0070,"Platz v. Aramburo, 17 P.3d 65 (Alaska 2001)",case,17 P.3d 65,True,genuine,False,hit,,
doc-0070,"Mendel-Gleason v. Harris, 261 P.3d 397 (Alaska 2011)",case,261 P.3d 397,True,genuine,False,hit,,
doc-0071,"Corbeau v. Dietrich, 580 P.3d 908 (Alaska 2008)",case,580 P.3d 908,False,fabricated_case,False,hit,,
doc-0071,AS 25.24.922,statute,AS 25.24.922,False,fabricated_statute,False,hit,,
doc-0071,AS 25.24.936,statute,AS 25.24.936,False,fabricated_statute,False,hit,,
doc-0071,AS 25.20.060,statute,AS 25.20.060,True,genuine,False,hit,,
doc-0071,AS 25.24.150(g),statute,AS 25.24.150(g),True,genuine,False,hit,,
doc-0071,AS 25.20.060(a),statute,AS 25.20.060(a),True,genuine,False,hit,,
doc-0071,AS 25.20.060(b),statute,AS 25.20.060(b),True,genuine,False,hit,,
doc-0071,AS 25.20.060(c),statute,AS 25.20.060(c),True,genuine,False,hit,,
doc-0071,AS 25.20.070,statute,AS 25.20.070,True,genuine,False,hit,,
doc-0071,AS 25.20.130,statute,AS 25.20.130,True,genuine,False,hit,,
doc-0071,Civil Rule 90.3(b),rule,civ 90.3(b),True,genuine,False,hit,,
doc-0071,Civil Rule 90.3(f),rule,civ 90.3(f),True,genuine,False,hit,,
doc-0071,"Rosemarie P. v. Kelly B., 504 P.3d 260 (Alaska 2021)",case,504 P.3d 260,True,genuine,False,hit,,
doc-0071,"Van Sickle v. McGraw, 134 P.3d 338 (Alaska 2006)",case,134 P.3d 338,True,genuine,False,hit,,
doc-0071,"Pingree v. Cossette, 424 P.3d 371 (Alaska 2018)",case,424 P.3d 371,True,genuine,False,hit,,
doc-0071,"Mendel-Gleason v. Harris, 261 P.3d 397 (Alaska 2011)",case,261 P.3d 397,True,genuine,False,hit,,
doc-0072,AS 25.20.060,statute,AS 25.20.060,True,genuine,False,hit,,
doc-0072,AS 25.24.150(c),statute,AS 25.24.150(c),True,genuine,False,hit,,
doc-0072,AS 25.24.150(g),statute,AS 25.24.150(g),True,genuine,False,hit,,
doc-0072,AS 25.20.060(a),statute,AS 25.20.060(a),True,genuine,False,hit,,
doc-0072,AS 25.20.060(b),statute,AS 25.20.060(b),True,genuine,False,hit,,
doc-0072,AS 25.24.150(d),statute,AS 25.24.150(d),True,genuine,False,hit,,
doc-0072,AS 25.20.060(c),statute,AS 25.20.060(c),True,genuine,False,hit,,
doc-0072,AS 25.20.110(a),statute,AS 25.20.110(a),True,genuine,False,hit,,
doc-0072,AS 25.24.150,statute,AS 25.24.150,True,genuine,False,hit,,
doc-0072,Civil Rule 90.7(e),rule,civ 90.7(e),True,genuine,False,hit,,
doc-0072,Civil Rule 90.3(f),rule,civ 90.3(f),True,genuine,False,hit,,
doc-0072,Civil Rule 90.3(b),rule,civ 90.3(b),True,genuine,False,hit,,
doc-0072,Civil Rule 90.3(a),rule,civ 90.3(a),True,genuine,False,hit,,
doc-0072,"Pingree v. Cossette, 424 P.3d 371 (Alaska 2018)",case,424 P.3d 371,True,genuine,False,hit,,
doc-0072,"Brian Ott v. Haley Runa, 463 P.3d 180 (Alaska 2020)",case,463 P.3d 180,True,genuine,False,hit,,
doc-0072,"Van Sickle v. McGraw, 134 P.3d 338 (Alaska 2006)",case,134 P.3d 338,True,genuine,False,hit,,
doc-0072,"Jayda Roman v. Cleveland Karren, 461 P.3d 1252 (Alaska 2020)",case,461 P.3d 1252,True,genuine,False,hit,,
doc-0072,"Mendel-Gleason v. Harris, 261 P.3d 397 (Alaska 2011)",case,261 P.3d 397,True,genuine,False,hit,,
doc-0073,Civil Rule 919(f),rule,civ 919(f),False,fabricated_rule,False,hit,,
doc-0073,Civil Rule 959(a),rule,civ 959(a),False,fabricated_rule,False,hit,,
doc-0073,Civil Rule 948(b),rule,civ 948(b),False,fabricated_rule,False,hit,,
doc-0073,AS 25.30.300(a),statute,AS 25.30.300(a),True,genuine,False,hit,,
doc-0073,AS 25.20.060,statute,AS 25.20.060,True,genuine,False,hit,,
doc-0073,AS 25.20.060(a),statute,AS 25.20.060(a),True,genuine,False,hit,,
doc-0073,AS 25.24.150(c),statute,AS 25.24.150(c),True,genuine,False,hit,,
doc-0073,AS 25.20.060(c),statute,AS 25.20.060(c),True,genuine,False,hit,,
doc-0073,AS 25.30.300,statute,AS 25.30.300,True,genuine,False,hit,,
doc-0073,AS 25.30.310,statute,AS 25.30.310,True,genuine,False,hit,,
doc-0073,AS 25.20.060(b),statute,AS 25.20.060(b),True,genuine,False,hit,,
doc-0073,AS 25.20.110,statute,AS 25.20.110,True,genuine,False,hit,,
doc-0073,AS 25.20.110(a),statute,AS 25.20.110(a),True,genuine,False,hit,,
doc-0073,Civil Rule 90.3,rule,civ 90.3,True,genuine,False,hit,,
doc-0073,Civil Rule 86(l),rule,civ 86(l),True,genuine,False,hit,,
doc-0073,"Pingree v. Cossette, 424 P.3d 371 (Alaska 2018)",case,424 P.3d 371,True,genuine,False,hit,,
doc-0073,"Jaymot v. Skillings-Donat, 216 P.3d 534 (Alaska 2009)",case,216 P.3d 534,True,genuine,False,hit,,
doc-0073,"Saffir v. Wheeler, 436 P.3d 1009 (Alaska 2019)",case,436 P.3d 1009,True,genuine,False,hit,,
doc-0073,"Rego v. Rego, 259 P.3d 447 (Alaska 2011)",case,259 P.3d 447,True,genuine,False,hit,,
doc-0074,AS 25.20.060,statute,AS 25.20.060,True,genuine,False,hit,,
doc-0074,AS 25.24.150(c),statute,AS 25.24.150(c),True,genuine,False,hit,,
doc-0074,AS 25.20.060(b),statute,AS 25.20.060(b),True,genuine,False,hit,,
doc-0074,AS 25.20.060(c),statute,AS 25.20.060(c),True,genuine,False,hit,,
doc-0074,AS 25.20.070,statute,AS 25.20.070,True,genuine,False,hit,,
doc-0074,AS 25.24.150(g),statute,AS 25.24.150(g),True,genuine,False,hit,,
doc-0074,AS 25.20.110(a),statute,AS 25.20.110(a),True,genuine,False,hit,,
doc-0074,AS 25.30.310,statute,AS 25.30.310,True,genuine,False,hit,,
doc-0074,AS 25.20.060(a),statute,AS 25.20.060(a),True,genuine,False,hit,,
doc-0074,Civil Rule 90.3(f),rule,civ 90.3(f),True,genuine,False,hit,,
doc-0074,Civil Rule 90.3(b),rule,civ 90.3(b),True,genuine,False,hit,,
doc-0074,Civil Rule 90.7(e),rule,civ 90.7(e),True,genuine,False,hit,,
doc-0074,"See Pingree v. Cossette, 424 P.3d 371 (Alaska 2018)",case,424 P.3d 371,True,genuine,True,hit,,
doc-0074,"Bruce H. v. Jennifer L., 407 P.3d 432 (Alaska 2017)",case,407 P.3d 432,True,genuine,False,hit,,
doc-0074,"Van Sickle v. McGraw, 134 P.3d 338 (Alaska 2006)",case,134 P.3d 338,True,genuine,False,hit,,
doc-0074,"Nancy M. v. John M., 308 P.3d 1130 (Alaska 2013)",case,308 P.3d 1130,True,genuine,False,hit,,
doc-0074,"Pingree v. Cossette, 424 P.3d 371 (Alaska 2018)",case,424 P.3d 371,True,genuine,False,hit,,
doc-0074,"In Van Sickle v. McGraw, 134 P.3d 338 (Alaska 2006)",case,134 P.3d 338,True,genuine,True,hit,,
doc-0074,"Rooney v. Rooney, 914 P.2d 212 (Alaska 1996)",case,914 P.2d 212,True,genuine,False,hit,,
doc-0074,"In Bruce H. v. Jennifer L., 407 P.3d 432 (Alaska 2017)",case,407 P.3d 432,True,genuine,True,hit,,
doc-0075,AS 25.30.300,statute,AS 25.30.300,True,genuine,False,hit,,
doc-0075,AS 25.30.909(7),statute,AS 25.30.909(7),True,genuine,False,hit,,
doc-0075,AS 25.24.150,statute,AS 25.24.150,True,genuine,False,hit,,
doc-0075,AS 25.24.150(c),statute,AS 25.24.150(c),True,genuine,False,hit,,
doc-0075,AS 25.24.150(d),statute,AS 25.24.150(d),True,genuine,False,hit,,
doc-0075,AS 25.30.300(a),statute,AS 25.30.300(a),True,genuine,False,hit,,
doc-0075,AS 25.30.300(b),statute,AS 25.30.300(b),True,genuine,False,hit,,
doc-0075,Civil Rule 65(e),rule,civ 65(e),True,genuine,False,hit,,
doc-0075,Civil Rule 90.3(a),rule,civ 90.3(a),True,genuine,False,hit,,
doc-0075,Civil Rule 90.3,rule,civ 90.3,True,genuine,False,hit,,
doc-0075,Rule 90.3(a),rule,civ 90.3(a),True,genuine,False,hit,,
doc-0075,"Andrea C. v. Marcus K., 355 P.3d 521 (Alaska 2015)",case,355 P.3d 521,True,genuine,False,hit,,
doc-0075,"In Andrea C. v. Marcus K., 355 P.3d 521 (Alaska 2015)",case,355 P.3d 521,True,genuine,True,hit,,
doc-0075,"Jacob G. v. Savanah F., 545 P.3d 885 (Alaska 2024)",case,545 P.3d 885,True,genuine,False,hit,,
doc-0075,"In Jacob G. v. Savanah F., 545 P.3d 885 (Alaska 2024)",case,545 P.3d 885,True,genuine,True,hit,,
doc-0075,"Rosemarie P. v. Kelly B., 504 P.3d 260 (Alaska 2021)",case,504 P.3d 260,True,genuine,False,hit,,
doc-0076,AS 25.24.924,statute,AS 25.24.924,False,fabricated_statute,False,hit,,
doc-0076,AS 25.20.912,statute,AS 25.20.912,False,fabricated_statute,False,hit,,
doc-0076,AS 25.20.908,statute,AS 25.20.908,False,fabricated_statute,False,hit,,
doc-0076,AS 25.20.060,statute,AS 25.20.060,True,genuine,False,hit,,
doc-0076,AS 25.24.150,statute,AS 25.24.150,True,genuine,False,hit,,
doc-0076,AS 25.20.060(c),statute,AS 25.20.060(c),True,genuine,False,hit,,
doc-0076,AS 25.20.130,statute,AS 25.20.130,True,genuine,False,hit,,
doc-0076,"Jaymot v. Skillings-Donat, 216 P.3d 534 (Alaska 2009)",case,216 P.3d 534,True,genuine,False,hit,,
doc-0076,"Sarah D. v. John D., 352 P.3d 419 (Alaska 2015)",case,352 P.3d 419,True,genuine,False,hit,,
doc-0076,"James R. v. Kylie R., 320 P.3d 273 (Alaska 2014)",case,320 P.3d 273,True,genuine,False,hit,,
doc-0076,"Weathers v. Weathers, 425 P.3d 131 (Alaska 2018)",case,425 P.3d 131,True,genuine,False,hit,,
doc-0076,"Britt v. Britt, 567 P.2d 308 (Alaska 1977)",case,567 P.2d 308,True,genuine,False,hit,,
doc-0077,AS 25.20.060,statute,AS 25.20.060,True,genuine,False,hit,,
doc-0077,AS 25.24.150(c),statute,AS 25.24.150(c),True,genuine,False,hit,,
doc-0077,AS 25.20.110(a),statute,AS 25.20.110(a),True,genuine,False,hit,,
doc-0077,AS 25.20.060(b),statute,AS 25.20.060(b),True,genuine,False,hit,,
doc-0077,AS 25.20.060(c),statute,AS 25.20.060(c),True,genuine,False,hit,,
doc-0077,AS 25.24.150,statute,AS 25.24.150,True,genuine,False,hit,,
doc-0077,Civil Rule 90.3,rule,civ 90.3,True,genuine,False,hit,,
doc-0077,Civil Rule 90.3(a),rule,civ 90.3(a),True,genuine,False,hit,,
doc-0077,Civil Rule 90.3(b),rule,civ 90.3(b),True,genuine,False,hit,,
doc-0077,Civil Rule 90.3(f),rule,civ 90.3(f),True,genuine,False,hit,,
doc-0077,Civil Rule 90.7(a),rule,civ 90.7(a),True,genuine,False,hit,,
doc-0077,"See Mendel-Gleason v. Harris, 261 P.3d 397 (Alaska 2011)",case,261 P.3d 397,True,genuine,True,hit,,
doc-0077,"In D.D. v. L.A.H., 27 P.3d 757 (Alaska 2001)",case,27 P.3d 757,True,genuine,True,hit,,
doc-0077,"See Rosemarie P. v. Kelly B., 504 P.3d 260 (Alaska 2021)",case,504 P.3d 260,True,genuine,True,hit,,
doc-0077,"In Siekawitch v. Siekawitch, 956 P.2d 447 (Alaska 1998)",case,956 P.2d 447,True,genuine,True,hit,,
doc-0077,"Dawn Golden v. Timothy B. Golden, 563 P.3d 1131 (Alaska 2025)",case,563 P.3d 1131,True,genuine,False,hit,,
doc-0077,"In Dara v. Gish, 404 P.3d 154 (Alaska 2017)",case,404 P.3d 154,True,genuine,True,hit,,
doc-0078,AS 25.30.300,statute,AS 25.30.300,True,genuine,False,hit,,
doc-0078,AS 25.20.060,statute,AS 25.20.060,True,genuine,False,hit,,
doc-0078,AS 25.24.150,statute,AS 25.24.150,True,genuine,False,hit,,
doc-0078,AS 25.24.150(c),statute,AS 25.24.150(c),True,genuine,False,hit,,
doc-0078,AS 25.30.310,statute,AS 25.30.310,True,genuine,False,hit,,
doc-0078,AS 25.20.060(c),statute,AS 25.20.060(c),True,genuine,False,hit,,
doc-0078,Civil Rule 90.3(a),rule,civ 90.3(a),True,genuine,False,hit,,
doc-0078,Civil Rule 90.3(f),rule,civ 90.3(f),True,genuine,False,hit,,
doc-0078,Civil Rule 90.3(b),rule,civ 90.3(b),True,genuine,False,hit,,
doc-0078,Civil Rule 90.3,rule,civ 90.3,True,genuine,False,hit,,
doc-0078,"Elton H. v. Naomi R., 119 P.3d 969 (Alaska 2005)",case,119 P.3d 969,True,genuine,False,hit,,
doc-0078,"Smith v. Weekley, 73 P.3d 1219 (Alaska 2003)",case,73 P.3d 1219,True,genuine,False,hit,,
doc-0078,"Jayda Roman v. Cleveland Karren, 461 P.3d 1252 (Alaska 2020)",case,461 P.3d 1252,True,genuine,False,hit,,
doc-0078,"Nancy M. v. John M., 308 P.3d 1130 (Alaska 2013)",case,308 P.3d 1130,True,genuine,False,hit,,
doc-0078,"Pingree v. Cossette, 424 P.3d 371 (Alaska 2018)",case,424 P.3d 371,True,genuine,False,hit,,
doc-0078,"In Brian Ott v. Haley Runa, 463 P.3d 180 (Alaska 2020)",case,463 P.3d 180,True,genuine,True,hit,,
doc-0079,AS 25.20.060,statute,AS 25.20.060,True,genuine,False,hit,,
doc-0079,AS 25.24.150(c),statute,AS 25.24.150(c),True,genuine,False,hit,,
doc-0079,AS 25.24.150(g),statute,AS 25.24.150(g),True,genuine,False,hit,,
doc-0079,AS 25.30.310,statute,AS 25.30.310,True,genuine,False,hit,,
doc-0079,AS 25.24.150,statute,AS 25.24.150,True,genuine,False,hit,,
doc-0079,Civil Rule 90.3(a),rule,civ 90.3(a),True,genuine,False,hit,,
doc-0079,Civil Rule 90.3(c),rule,civ 90.3(c),True,genuine,False,hit,,
doc-0079,"Sheffield v. Sheffield, 265 P.3d 332 (Alaska 2011)",case,265 P.3d 332,True,genuine,False,hit,,
doc-0079,"Rego v. Rego, 259 P.3d 447 (Alaska 2011)",case,259 P.3d 447,True,genuine,False,hit,,
doc-0079,"Harris v. Governale, 311 P.3d 1052 (Alaska 2013)",case,311 P.3d 1052,True,genuine,False,hit,,
doc-0079,"Mendel-Gleason v. Harris, 261 P.3d 397 (Alaska 2011)",case,261 P.3d 397,True,genuine,False,hit,,
doc-0079,"Chesser-Witmer v. Chesser, 117 P.3d 711 (Alaska 2005)",case,117 P.3d 711,True,genuine,False,hit,,
doc-0079,"Blanton v. Yourkowski, 180 P.3d 948 (Alaska 2008)",case,180 P.3d 948,True,genuine,False,hit,,
doc-0080,AS 25.30.300,statute,AS 25.30.300,True,genuine,False,hit,,
doc-0080,AS 25.30.300(a),statute,AS 25.30.300(a),True,genuine,False,hit,,
doc-0080,AS 25.30.909(7),statute,AS 25.30.909(7),True,genuine,False,hit,,
doc-0080,AS 25.30.300(b),statute,AS 25.30.300(b),True,genuine,False,hit,,
doc-0080,AS 25.24.150(c),statute,AS 25.24.150(c),True,genuine,False,hit,,
doc-0080,AS 25.30.310(a),statute,AS 25.30.310(a),True,genuine,False,hit,,
doc-0080,AS 25.30.310,statute,AS 25.30.310,True,genuine,False,hit,,
doc-0080,Civil Rule 65(e),rule,civ 65(e),True,genuine,False,hit,,
doc-0080,Civil Rule 86(l),rule,civ 86(l),True,genuine,False,hit,,
doc-0080,"Smith v. Weekley, 73 P.3d 1219 (Alaska 2003)",case,73 P.3d 1219,True,genuine,False,hit,,
doc-0080,"Fox v. Grace, 435 P.3d 883 (Alaska 2018)",case,435 P.3d 883,True,genuine,False,hit,,
doc-0080,"Mendel-Gleason v. Harris, 261 P.3d 397 (Alaska 2011)",case,261 P.3d 397,True,genuine,False,hit,,
doc-0080,"Jacob G. v. Savanah F., 545 P.3d 885 (Alaska 2024)",case,545 P.3d 885,True,genuine,False,hit,,
doc-0080,"Geldermann v. Geldermann, 428 P.3d 477 (Alaska 2018)",case,428 P.3d 477,True,genuine,False,hit,,
doc-0080,"Rosemarie P. v. Kelly B., 504 P.3d 260 (Alaska 2021)",case,504 P.3d 260,True,genuine,False,hit,,
doc-0081,AS 25.20.110(a),statute,AS 25.20.110(a),True,genuine,False,hit,,
doc-0081,AS 25.24.150(c),statute,AS 25.24.150(c),True,genuine,False,hit,,
doc-0081,AS 25.20.070,statute,AS 25.20.070,True,genuine,False,hit,,
doc-0081,AS 25.24.150(g),statute,AS 25.24.150(g),True,genuine,False,hit,,
doc-0081,Civil Rule 90.3(a),rule,civ 90.3(a),True,genuine,False,hit,,
doc-0081,Civil Rule 90.3(b),rule,civ 90.3(b),True,genuine,False,hit,,
doc-0081,"Tompkins v. Tompkins, 961 P.2d 419 (Alaska 1998)",case,961 P.2d 419,True,genuine,False,hit,,
doc-0081,"Hayes v. Hayes, 922 P.2d 896 (Alaska 1996)",case,922 P.2d 896,True,genuine,False,hit,,
doc-0081,"In Tompkins v. Tompkins, 961 P.2d 419 (Alaska 1998)",case,961 P.2d 419,True,genuine,True,hit,,
doc-0081,"In Havel v. Hogan, 216 P.3d 1142 (Alaska 2009)",case,216 P.3d 1142,True,genuine,True,hit,,
doc-0081,"Sheffield v. Sheffield, 265 P.3d 332 (Alaska 2011)",case,265 P.3d 332,True,genuine,False,hit,,
doc-0082,AS 25.20.110,statute,AS 25.20.110,True,genuine,False,hit,,
doc-0082,AS 25.24.150(c),statute,AS 25.24.150(c),True,genuine,False,hit,,
doc-0082,AS 25.20.110(a),statute,AS 25.20.110(a),True,genuine,False,hit,,
doc-0082,AS 25.30.310(a),statute,AS 25.30.310(a),True,genuine,False,hit,,
doc-0082,AS 25.30.390(a),statute,AS 25.30.390(a),True,genuine,False,hit,,
doc-0082,Civil Rule 90.3(a),rule,civ 90.3(a),True,genuine,False,hit,,
doc-0082,Civil Rule 90.3(f),rule,civ 90.3(f),True,genuine,False,hit,,
doc-0082,Alaska R. Evid. 201(d),rule,evid 201(d),True,genuine,False,hit,,
doc-0082,"See Barrett v. Alguire, 35 P.3d 1 (Alaska 2001)",case,35 P.3d 1,True,genuine,True,hit,,
doc-0082,"See Nelson v. Nelson, 263 P.3d 49 (Alaska 2011)",case,263 P.3d 49,True,genuine,True,hit,,
doc-0082,"In Barrett v. Alguire, 35 P.3d 1 (Alaska 2001)",case,35 P.3d 1,True,genuine,True,hit,,
doc-0082,"Barrett v. Alguire, 35 P.3d 1 (Alaska 2001)",case,35 P.3d 1,True,genuine,False,hit,,
doc-0082,"Nelson v. Nelson, 263 P.3d 49 (Alaska 2011)",case,263 P.3d 49,True,genuine,False,hit,,
doc-0082,"Nelson v. Nelson, 263 P.3d 49 (Alaska 2011)",case,263 P.3d 49,True,genuine,False,hit,,
doc-0082,"Sheffield v. Sheffield, 265 P.3d 332 (Alaska 2011)",case,265 P.3d 332,True,genuine,False,hit,,
doc-0082,"In Tompkins v. Tompkins, 961 P.2d 419 (Alaska 1998)",case,961 P.2d 419,True,genuine,True,hit,,
doc-0082,"Tompkins v. Tompkins, 961 P.2d 419 (Alaska 1998)",case,961 P.2d 419,True,genuine,False,hit,,
doc-0083,Civil Rule 934(a),rule,civ 934(a),False,fabricated_rule,False,hit,,
doc-0083,AS 25.20.962,statute,AS 25.20.962,False,fabricated_statute,False,hit,,
doc-0083,Civil Rule 921(h),rule,civ 921(h),False,fabricated_rule,False,hit,,
doc-0083,AS 25.20.110,statute,AS 25.20.110,True,genuine,False,hit,,
doc-0083,AS 25.24.150(c),statute,AS 25.24.150(c),True,genuine,False,hit,,
doc-0083,AS 25.24.150(d),statute,AS 25.24.150(d),True,genuine,False,hit,,
doc-0083,AS 25.24.150(g),statute,AS 25.24.150(g),True,genuine,False,hit,,
doc-0083,AS 25.24.150,statute,AS 25.24.150,True,genuine,False,hit,,
doc-0083,Rule 90.3,rule,civ 90.3,True,genuine,False,hit,,
doc-0083,"Long v. Long, 816 P.2d 145 (Alaska 1991)",case,816 P.2d 145,True,genuine,False,hit,,
doc-0083,"McLane v. Paul, 189 P.3d 1039 (Alaska 2008)",case,189 P.3d 1039,True,genuine,False,hit,,
doc-0083,"Laramie Rainer v. Ryan Poole, 510 P.3d 476 (Alaska 2022)",case,510 P.3d 476,True,genuine,False,hit,,
doc-0083,"Geldermann v. Geldermann, 428 P.3d 477 (Alaska 2018)",case,428 P.3d 477,True,genuine,False,hit,,
doc-0083,"Barrett v. Alguire, 35 P.3d 1 (Alaska 2001)",case,35 P.3d 1,True,genuine,False,hit,,
doc-0083,"Kelly v. Joseph, 46 P.3d 1014 (Alaska 2002)",case,46 P.3d 1014,True,genuine,False,hit,,
doc-0083,"Peter Chapman v. Julia Chapman, 563 P.3d 1155 (Alaska 2025)",case,563 P.3d 1155,True,genuine,False,hit,,
doc-0084,"Barrett v. Alguire, 696 P.3d 244 (Alaska 2001)",case,696 P.3d 244,False,wrong_reporter,False,hit,,
doc-0084,AS 25.20.943,statute,AS 25.20.943,False,fabricated_statute,False,hit,,
doc-0084,AS 25.20.110(a),statute,AS 25.20.110(a),True,genuine,False,hit,,
doc-0084,AS 25.20.110(d),statute,AS 25.20.110(d),True,genuine,False,hit,,
doc-0084,AS 25.20.110(e),statute,AS 25.20.110(e),True,genuine,False,hit,,
doc-0084,AS 25.24.150(c),statute,AS 25.24.150(c),True,genuine,False,hit,,
doc-0084,AS 25.20.090,statute,AS 25.20.090,True,genuine,False,hit,,
doc-0084,AS 25.20.095(b),statute,AS 25.20.095(b),True,genuine,False,hit,,
doc-0084,AS 25.20.095(h),statute,AS 25.20.095(h),True,genuine,False,hit,,
doc-0084,AS 25.20.095(c),statute,AS 25.20.095(c),True,genuine,False,hit,,
doc-0084,AS 25.20.095(f),statute,AS 25.20.095(f),True,genuine,False,hit,,
doc-0084,AS 25.20.095,statute,AS 25.20.095,True,genuine,False,hit,,
doc-0084,Civil Rule 99(a),rule,civ 99(a),True,genuine,False,hit,,
doc-0084,Civil Rule 90.3(a),rule,civ 90.3(a),True,genuine,False,hit,,
doc-0084,Civil Rule 90.3(h),rule,civ 90.3(h),True,genuine,False,hit,,
doc-0084,"Rosenblum v. Perales, 303 P.3d 500 (Alaska 2013)",case,303 P.3d 500,True,genuine,False,hit,,
doc-0084,"Tompkins v. Tompkins, 961 P.2d 419 (Alaska 1998)",case,961 P.2d 419,True,genuine,False,hit,,
doc-0084,"Chesser-Witmer v. Chesser, 117 P.3d 711 (Alaska 2005)",case,117 P.3d 711,True,genuine,False,hit,,
doc-0084,"In Barrett v. Alguire, 35 P.3d 1 (Alaska 2001)",case,35 P.3d 1,True,genuine,True,hit,,
doc-0084,"In Tompkins v. Tompkins, 961 P.2d 419 (Alaska 1998)",case,961 P.2d 419,True,genuine,True,hit,,
doc-0085,AS 25.20.110,statute,AS 25.20.110,True,genuine,False,hit,,
doc-0085,AS 25.24.150,statute,AS 25.24.150,True,genuine,False,hit,,
doc-0085,AS 25.20.110(a),statute,AS 25.20.110(a),True,genuine,False,hit,,
doc-0085,AS 25.24.150(c),statute,AS 25.24.150(c),True,genuine,False,hit,,
doc-0085,AS 25.20.090,statute,AS 25.20.090,True,genuine,False,hit,,
doc-0085,AS 25.20.070,statute,AS 25.20.070,True,genuine,False,hit,,
doc-0085,Civil Rule 90.3(a),rule,civ 90.3(a),True,genuine,False,hit,,
doc-0085,Civil Rule 90.3(f),rule,civ 90.3(f),True,genuine,False,hit,,
doc-0085,"In Siekawitch v. Siekawitch, 956 P.2d 447 (Alaska 1998)",case,956 P.2d 447,True,genuine,True,hit,,
doc-0085,"Alisa Burns v. John Everett Burns, 466 P.3d 352 (Alaska 2020)",case,466 P.3d 352,True,genuine,False,hit,,
doc-0085,"Siekawitch v. Siekawitch, 956 P.2d 447 (Alaska 1998)",case,956 P.2d 447,True,genuine,False,hit,,
doc-0085,"Weathers v. Weathers, 425 P.3d 131 (Alaska 2018)",case,425 P.3d 131,True,genuine,False,hit,,
doc-0086,AS 25.20.915,statute,AS 25.20.915,False,fabricated_statute,False,hit,,
doc-0086,AS 25.20.931,statute,AS 25.20.931,False,fabricated_statute,False,hit,,
doc-0086,AS 25.20.921,statute,AS 25.20.921,False,fabricated_statute,False,hit,,
doc-0086,AS 25.24.150(c),statute,AS 25.24.150(c),True,genuine,False,hit,,
doc-0086,AS 25.24.150(g),statute,AS 25.24.150(g),True,genuine,False,hit,,
doc-0086,Civil Rule 90.3(a),rule,civ 90.3(a),True,genuine,False,hit,,
doc-0086,Civil Rule 90.3(h),rule,civ 90.3(h),True,genuine,False,hit,,
doc-0086,"Judd v. Burns, 397 P.3d 331 (Alaska 2017)",case,397 P.3d 331,True,genuine,False,hit,,
doc-0086,"Nelson v. Nelson, 263 P.3d 49 (Alaska 2011)",case,263 P.3d 49,True,genuine,False,hit,,
doc-0086,"Barrett v. Alguire, 35 P.3d 1 (Alaska 2001)",case,35 P.3d 1,True,genuine,False,hit,,
doc-0086,"In Nelson v. Nelson, 263 P.3d 49 (Alaska 2011)",case,263 P.3d 49,True,genuine,True,hit,,
doc-0086,"In Ronny M. v. Nanette H., 303 P.3d 392 (Alaska 2013)",case,303 P.3d 392,True,genuine,True,hit,,
doc-0086,"In Barrett v. Alguire, 35 P.3d 1 (Alaska 2001)",case,35 P.3d 1,True,genuine,True,hit,,
doc-0086,"In McQuade v. McQuade, 901 P.2d 421 (Alaska 1995)",case,901 P.2d 421,True,genuine,True,hit,,
doc-0087,"Nelson v. Nelson, 685 P.3d 849 (Alaska 2011)",case,685 P.3d 849,False,wrong_reporter,False,hit,,
doc-0087,AS 25.24.972,statute,AS 25.24.972,False,fabricated_statute,False,hit,,
doc-0087,"Hope P. v. Flynn G., 503 P.3d 765 (Alaska 2015)",case,503 P.3d 765,False,wrong_reporter,False,hit,,
doc-0087,AS 25.20.110(a),statute,AS 25.20.110(a),True,genuine,False,hit,,
doc-0087,AS 25.20.070,statute,AS 25.20.070,True,genuine,False,hit,,
doc-0087,Civil Rule 90.3(g),rule,civ 90.3(g),True,genuine,False,hit,,
doc-0087,Civil Rule 90.3(a),rule,civ 90.3(a),True,genuine,False,hit,,
doc-0087,"McLane v. Paul, 189 P.3d 1039 (Alaska 2008)",case,189 P.3d 1039,True,genuine,False,hit,,
doc-0087,"Barrett v. Alguire, 35 P.3d 1 (Alaska 2001)",case,35 P.3d 1,True,genuine,False,hit,,
doc-0087,"Havel v. Hogan, 216 P.3d 1142 (Alaska 2009)",case,216 P.3d 1142,True,genuine,False,hit,,
doc-0088,AS 25.24.994,statute,AS 25.24.994,False,fabricated_statute,False,hit,,
doc-0088,AS 25.20.948,statute,AS 25.20.948,False,fabricated_statute,False,lenient_hit,subsection differs,
doc-0088,"Kristina B. v. Edward B., 512 P.3d 294 (Alaska 2014)",case,512 P.3d 294,False,wrong_reporter,False,hit,,
doc-0088,AS 25.20.110(a),statute,AS 25.20.110(a),True,genuine,False,hit,,
doc-0088,AS 25.24.150(c),statute,AS 25.24.150(c),True,genuine,False,hit,,
doc-0088,AS 25.24.150(g),statute,AS 25.24.150(g),True,genuine,False,hit,,
doc-0088,AS 25.20.110(c),statute,AS 25.20.110(c),True,genuine,False,hit,,
doc-0088,AS 25.20.070,statute,AS 25.20.070,True,genuine,False,hit,,
doc-0088,AS 25.30.310(a),statute,AS 25.30.310(a),True,genuine,False,hit,,
doc-0088,AS 25.30.360,statute,AS 25.30.360,True,genuine,False,hit,,
doc-0088,Alaska R. Evid. 601,rule,evid 601,True,genuine,False,hit,,
doc-0088,Civil Rule 90.3(a),rule,civ 90.3(a),True,genuine,False,hit,,
doc-0088,Civil Rule 90.3(b),rule,civ 90.3(b),True,genuine,False,hit,,
doc-0088,Civil Rule 90.3,rule,civ 90.3,True,genuine,False,hit,,
doc-0088,"Havel v. Hogan, 216 P.3d 1142 (Alaska 2009)",case,216 P.3d 1142,True,genuine,False,hit,,
doc-0088,"Littleton v. Banks, 192 P.3d 154 (Alaska 2008)",case,192 P.3d 154,True,genuine,False,hit,,
doc-0088,"Rooney v. Rooney, 914 P.2d 212 (Alaska 1996)",case,914 P.2d 212,True,genuine,False,hit,,
doc-0088,"Jaymot v. Skillings-Donat, 216 P.3d 534 (Alaska 2009)",case,216 P.3d 534,True,genuine,False,hit,,
doc-0088,"Wee v. Eggener, 225 P.3d 1120 (Alaska 2010)",case,225 P.3d 1120,True,genuine,False,hit,,
doc-0089,AS 25.20.110(a),statute,AS 25.20.110(a),True,genuine,False,hit,,
doc-0089,AS 25.24.150(c),statute,AS 25.24.150(c),True,genuine,False,hit,,
doc-0089,AS 25.20.090,statute,AS 25.20.090,True,genuine,False,hit,,
doc-0089,AS 25.20.090(6),statute,AS 25.20.090(6),True,genuine,False,hit,,
doc-0089,AS 25.20.070,statute,AS 25.20.070,True,genuine,False,hit,,
doc-0089,AS 25.24.150(g),statute,AS 25.24.150(g),True,genuine,False,hit,,
doc-0089,Civil Rule 90.3(b),rule,civ 90.3(b),True,genuine,False,hit,,
doc-0089,Civil Rule 90.3(f),rule,civ 90.3(f),True,genuine,False,hit,,
doc-0089,"Moore v. McGillis, 408 P.3d 1196 (Alaska 2018)",case,408 P.3d 1196,True,genuine,False,hit,,
doc-0089,"McLane v. Paul, 189 P.3d 1039 (Alaska 2008)",case,189 P.3d 1039,True,genuine,False,hit,,
doc-0089,"Yvonne S. v. Wesley H., 245 P.3d 430 (Alaska 2011)",case,245 P.3d 430,True,genuine,False,hit,,
doc-0089,"In Pingree v. Cossette, 424 P.3d 371 (Alaska 2018)",case,424 P.3d 371,True,genuine,True,hit,,
doc-0089,"Weathers v. Weathers, 425 P.3d 131 (Alaska 2018)",case,425 P.3d 131,True,genuine,False,hit,,
doc-0089,"Sweeney v. Organ, 371 P.3d 609 (Alaska 2016)",case,371 P.3d 609,True,genuine,False,hit,,
doc-0090,AS 25.24.933,statute,AS 25.24.933,False,fabricated_statute,False,hit,,
doc-0090,Civil Rule 959(b),rule,civ 959(b),False,fabricated_rule,False,hit,,
doc-0090,AS 25.20.110,statute,AS 25.20.110,True,genuine,False,hit,,
doc-0090,AS 25.20.070,statute,AS 25.20.070,True,genuine,False,hit,,
doc-0090,AS 25.20.090,statute,AS 25.20.090,True,genuine,False,hit,,
doc-0090,AS 25.20.090(5),statute,AS 25.20.090(5),True,genuine,False,hit,,
doc-0090,AS 25.20.090(3),statute,AS 25.20.090(3),True,genuine,False,hit,,
doc-0090,AS 25.20.090(6),statute,AS 25.20.090(6),True,genuine,False,hit,,
doc-0090,Civil Rule 90.3(a),rule,civ 90.3(a),True,genuine,False,hit,,
doc-0090,"Judd v. Burns, 397 P.3d 331 (Alaska 2017)",case,397 P.3d 331,True,genuine,False,hit,,
doc-0090,"West v. Lawson, 951 P.2d 1200 (Alaska 1998)",case,951 P.2d 1200,True,genuine,False,hit,,
doc-0090,"Rego v. Rego, 259 P.3d 447 (Alaska 2011)",case,259 P.3d 447,True,genuine,False,hit,,
doc-0090,"Weathers v. Weathers, 425 P.3d 131 (Alaska 2018)",case,425 P.3d 131,True,genuine,False,hit,,
doc-0090,"D.D. v. L.A.H., 27 P.3d 757 (Alaska 2001)",case,27 P.3d 757,True,genuine,False,hit,,
doc-0090,"Iverson v. Griffith, 180 P.3d 943 (Alaska 2008)",case,180 P.3d 943,True,genuine,False,hit,,
doc-0091,AS 25.20.902,statute,AS 25.20.902,False,fabricated_statute,False,hit,,
doc-0091,"Restol v. Manshen, 391 P.3d 385 (Alaska 2020)",case,391 P.3d 385,False,fabricated_case,False,hit,,
doc-0091,AS 25.20.934,statute,AS 25.20.934,False,fabricated_statute,False,hit,,
doc-0091,AS 25.20.110,statute,AS 25.20.110,True,genuine,False,hit,,
doc-0091,AS 25.24.150,statute,AS 25.24.150,True,genuine,False,hit,,
doc-0091,AS 25.20.110(a),statute,AS 25.20.110(a),True,genuine,False,hit,,
doc-0091,AS 25.24.150(c),statute,AS 25.24.150(c),True,genuine,False,hit,,
doc-0091,AS 25.20.070,statute,AS 25.20.070,True,genuine,False,hit,,
doc-0091,AS 25.20.090(6),statute,AS 25.20.090(6),True,genuine,False,hit,,
doc-0091,AS 25.24.150(g),statute,AS 25.24.150(g),True,genuine,False,hit,,
doc-0091,AS 25.24.150(h),statute,AS 25.24.150(h),True,genuine,False,hit,,
doc-0091,Civil Rule 90.3(f),rule,civ 90.3(f),True,genuine,False,hit,,
doc-0091,Civil Rule 90.3(b),rule,civ 90.3(b),True,genuine,False,hit,,
doc-0091,Civil Rule 90.3(h),rule,civ 90.3(h),True,genuine,False,hit,,
doc-0091,"Laramie Rainer v. Ryan Poole, 510 P.3d 476 (Alaska 2022)",case,510 P.3d 476,True,genuine,False,hit,,
doc-0091,"Siekawitch v. Siekawitch, 956 P.2d 447 (Alaska 1998)",case,956 P.2d 447,True,genuine,False,hit,,
doc-0091,"Kelly v. Joseph, 46 P.3d 1014 (Alaska 2002)",case,46 P.3d 1014,True,genuine,False,hit,,
doc-0091,"Weathers v. Weathers, 425 P.3d 131 (Alaska 2018)",case,425 P.3d 131,True,genuine,False,hit,,
doc-0092,"Chesser-Witmer v. Chesser, 575 P.3d 332 (Alaska 2005)",case,575 P.3d 332,False,wrong_reporter,False,hit,,
doc-0092,AS 25.20.971,statute,AS 25.20.971,False,fabricated_statute,False,hit,,
doc-0092,AS 25.20.110,statute,AS 25.20.110,True,genuine,False,hit,,
doc-0092,AS 25.24.150(c),statute,AS 25.24.150(c),True,genuine,False,hit,,
doc-0092,AS 25.20.090,statute,AS 25.20.090,True,genuine,False,hit,,
doc-0092,AS 25.20.110(a),statute,AS 25.20.110(a),True,genuine,False,hit,,
doc-0092,AS 25.20.090(5),statute,AS 25.20.090(5),True,genuine,False,hit,,
doc-0092,AS 25.20.070,statute,AS 25.20.070,True,genuine,False,hit,,
doc-0092,AS 25.24.150(g),statute,AS 25.24.150(g),True,genuine,False,hit,,
doc-0092,AS 25.30.310(a),statute,AS 25.30.310(a),True,genuine,False,hit,,
doc-0092,"Yvonne S. v. Wesley H., 245 P.3d 430 (Alaska 2011)",case,245 P.3d 430,True,genuine,False,hit,,
doc-0092,"Pingree v. Cossette, 424 P.3d 371 (Alaska 2018)",case,424 P.3d 371,True,genuine,False,hit,,
doc-0092,"Tompkins v. Tompkins, 961 P.2d 419 (Alaska 1998)",case,961 P.2d 419,True,genuine,False,hit,,
doc-0092,"Harris v. Governale, 311 P.3d 1052 (Alaska 2013)",case,311 P.3d 1052,True,genuine,False,hit,,
doc-0093,AS 25.24.983,statute,AS 25.24.983,False,fabricated_statute,False,hit,,
doc-0093,AS 25.24.959,statute,AS 25.24.959,False,fabricated_statute,False,hit,,
doc-0093,AS 25.20.110(a),statute,AS 25.20.110(a),True,genuine,False,hit,,
doc-0093,AS 25.20.090,statute,AS 25.20.090,True,genuine,False,hit,,
doc-0093,AS 25.20.090(6),statute,AS 25.20.090(6),True,genuine,False,hit,,
doc-0093,Civil Rule 90.3(a),rule,civ 90.3(a),True,genuine,False,hit,,
doc-0093,Civil Rule 90.3(b),rule,civ 90.3(b),True,genuine,False,hit,,
doc-0093,Civil Rule 90.3(c),rule,civ 90.3(c),True,genuine,False,hit,,
doc-0093,"Barrett v. Alguire, 35 P.3d 1 (Alaska 2001)",case,35 P.3d 1,True,genuine,False,hit,,
doc-0093,"Nelson v. Nelson, 263 P.3d 49 (Alaska 2011)",case,263 P.3d 49,True,genuine,False,hit,,
doc-0093,"Hope P. v. Flynn G., 355 P.3d 559 (Alaska 2015)",case,355 P.3d 559,True,genuine,False,hit,,
doc-0093,"Tompkins v. Tompkins, 961 P.2d 419 (Alaska 1998)",case,961 P.2d 419,True,genuine,False,hit,,
doc-0093,"McLane v. Paul, 189 P.3d 1039 (Alaska 2008)",case,189 P.3d 1039,True,genuine,False,hit,,
doc-0093,"Bb v. Dd, 18 P.3d 1210 (Alaska 2001)",case,18 P.3d 1210,True,genuine,False,hit,,
doc-0094,AS 25.20.110(a),statute,AS 25.20.110(a),True,genuine,False,hit,,
doc-0094,AS 25.24.150(c),statute,AS 25.24.150(c),True,genuine,False,hit,,
doc-0094,AS 25.20.090,statute,AS 25.20.090,True,genuine,False,hit,,
doc-0094,AS 25.20.090(3),statute,AS 25.20.090(3),True,genuine,False,hit,,
doc-0094,Civil Rule 90.3(a),rule,civ 90.3(a),True,genuine,False,hit,,
doc-0094,Civil Rule 90.3(h),rule,civ 90.3(h),True,genuine,False,hit,,
doc-0094,"Long v. Long, 816 P.2d 145 (Alaska 1991)",case,816 P.2d 145,True,genuine,False,hit,,
doc-0094,"Laramie Rainer v. Ryan Poole, 510 P.3d 476 (Alaska 2022)",case,510 P.3d 476,True,genuine,False,hit,,
doc-0094,"Nelson v. Nelson, 263 P.3d 49 (Alaska 2011)",case,263 P.3d 49,True,genuine,False,hit,,
doc-0094,"See Laramie Rainer v. Ryan Poole, 510 P.3d 476 (Alaska 2022)",case,510 P.3d 476,True,genuine,True,hit,,
doc-0094,"Barrett v. Alguire, 35 P.3d 1 (Alaska 2001)",case,35 P.3d 1,True,genuine,False,hit,,
doc-0094,"Tompkins v. Tompkins, 961 P.2d 419 (Alaska 1998)",case,961 P.2d 419,True,genuine,False,hit,,
doc-0094,"Deininger v. Deininger, 835 P.2d 449 (Alaska 1992)",case,835 P.2d 449,True,genuine,False,hit,,
doc-0095,AS 25.20.110(a),statute,AS 25.20.110(a),True,genuine,False,hit,,
doc-0095,AS 25.24.150(c),statute,AS 25.24.150(c),True,genuine,False,hit,,
doc-0095,AS 25.20.090,statute,AS 25.20.090,True,genuine,False,hit,,
doc-0095,AS 25.20.070,statute,AS 25.20.070,True,genuine,False,hit,,
doc-0095,AS 25.20.090(6),statute,AS 25.20.090(6),True,genuine,False,hit,,
doc-0095,AS 25.30.310,statute,AS 25.30.310,True,genuine,False,hit,,
doc-0095,Civil Rule 90.3(a),rule,civ 90.3(a),True,genuine,False,hit,,
doc-0095,Civil Rule 90.3(c),rule,civ 90.3(c),True,genuine,False,hit,,
doc-0095,"McLane v. Paul, 189 P.3d 1039 (Alaska 2008)",case,189 P.3d 1039,True,genuine,False,hit,,
doc-0095,"Barrett v. Alguire, 35 P.3d 1 (Alaska 2001)",case,35 P.3d 1,True,genuine,False,hit,,
doc-0095,"Hope P. v. Flynn G., 355 P.3d 559 (Alaska 2015)",case,355 P.3d 559,True,genuine,False,hit,,
doc-0095,"D.D. v. L.A.H., 27 P.3d 757 (Alaska 2001)",case,27 P.3d 757,True,genuine,False,hit,,
doc-0095,"Andrea C. v. Marcus K., 355 P.3d 521 (Alaska 2015)",case,355 P.3d 521,True,genuine,False,hit,,
doc-0095,"Blanton v. Yourkowski, 180 P.3d 948 (Alaska 2008)",case,180 P.3d 948,True,genuine,False,hit,,
doc-0095,"Tompkins v. Tompkins, 961 P.2d 419 (Alaska 1998)",case,961 P.2d 419,True,genuine,False,hit,,
doc-0096,"Tompkins v. Tompkins, 749 P.2d 790 (Alaska 1998)",case,749 P.2d 790,False,wrong_reporter,False,hit,,
doc-0096,Civil Rule 958(g),rule,civ 958(g),False,fabricated_rule,False,hit,,
doc-0096,AS 25.20.972,statute,AS 25.20.972,False,fabricated_statute,False,hit,,
doc-0096,AS 25.24.150(c),statute,AS 25.24.150(c),True,genuine,False,hit,,
doc-0096,AS 25.20.090,statute,AS 25.20.090,True,genuine,False,hit,,
doc-0096,AS 25.20.090(6),statute,AS 25.20.090(6),True,genuine,False,hit,,
doc-0096,AS 25.30.390(d),statute,AS 25.30.390(d),True,genuine,False,hit,,
doc-0096,Civil Rule 90.3(a),rule,civ 90.3(a),True,genuine,False,hit,,
doc-0096,"McLane v. Paul, 189 P.3d 1039 (Alaska 2008)",case,189 P.3d 1039,True,genuine,False,hit,,
doc-0096,"Harris v. Governale, 311 P.3d 1052 (Alaska 2013)",case,311 P.3d 1052,True,genuine,False,hit,,
doc-0096,"Barrett v. Alguire, 35 P.3d 1 (Alaska 2001)",case,35 P.3d 1,True,genuine,False,hit,,
doc-0096,"Sheffield v. Sheffield, 265 P.3d 332 (Alaska 2011)",case,265 P.3d 332,True,genuine,False,hit,,
doc-0097,AS 25.20.110(a),statute,AS 25.20.110(a),True,genuine,False,hit,,
doc-0097,AS 25.24.150(c),statute,AS 25.24.150(c),True,genuine,False,hit,,
doc-0097,AS 25.20.090,statute,AS 25.20.090,True,genuine,False,hit,,
doc-0097,AS 25.20.070,statute,AS 25.20.070,True,genuine,False,hit,,
doc-0097,AS 25.24.150(g),statute,AS 25.24.150(g),True,genuine,False,hit,,
doc-0097,AS 25.20.090(6),statute,AS 25.20.090(6),True,genuine,False,hit,,
doc-0097,AS 25.20.090(3),statute,AS 25.20.090(3),True,genuine,False,hit,,
doc-0097,AS 25.30.320,statute,AS 25.30.320,True,genuine,False,hit,,
doc-0097,Civil Rule 90.3,rule,civ 90.3,True,genuine,False,hit,,
doc-0097,Civil Rule 90.3(b),rule,civ 90.3(b),True,genuine,False,hit,,
doc-0097,Civil Rule 90.3(a),rule,civ 90.3(a),True,genuine,False,hit,,
doc-0097,Civil Rule 90.3(c),rule,civ 90.3(c),True,genuine,False,hit,,
doc-0097,Alaska R. Evid. 201(d),rule,evid 201(d),True,genuine,False,hit,,
doc-0097,"Nelson v. Nelson, 263 P.3d 49 (Alaska 2011)",case,263 P.3d 49,True,genuine,False,hit,,
doc-0097,"McLane v. Paul, 189 P.3d 1039 (Alaska 2008)",case,189 P.3d 1039,True,genuine,False,hit,,
doc-0097,"Chesser-Witmer v. Chesser, 117 P.3d 711 (Alaska 2005)",case,117 P.3d 711,True,genuine,False,hit,,
doc-0097,"Tompkins v. Tompkins, 961 P.2d 419 (Alaska 1998)",case,961 P.2d 419,True,genuine,False,hit,,
doc-0097,"In Tompkins v. Tompkins, 961 P.2d 419 (Alaska 1998)",case,961 P.2d 419,True,genuine,True,hit,,
doc-0097,"D.D. v. L.A.H., 27 P.3d 757 (Alaska 2001)",case,27 P.3d 757,True,genuine,False,hit,,
doc-0097,"Weathers v. Weathers, 425 P.3d 131 (Alaska 2018)",case,425 P.3d 131,True,genuine,False,hit,,
doc-0098,AS 25.20.110,statute,AS 25.20.110,True,genuine,False,hit,,
doc-0098,AS 25.24.150,statute,AS 25.24.150,True,genuine,False,hit,,
doc-0098,AS 25.20.090,statute,AS 25.20.090,True,genuine,False,hit,,
doc-0098,AS 25.20.110(a),statute,AS 25.20.110(a),True,genuine,False,hit,,
doc-0098,AS 25.24.150(c),statute,AS 25.24.150(c),True,genuine,False,hit,,
doc-0098,AS 25.20.070,statute,AS 25.20.070,True,genuine,False,hit,,
doc-0098,AS 25.20.090(6),statute,AS 25.20.090(6),True,genuine,False,hit,,
doc-0098,AS 25.30.320,statute,AS 25.30.320,True,genuine,False,hit,,
doc-0098,Civil Rule 90.3(a),rule,civ 90.3(a),True,genuine,False,hit,,
doc-0098,Civil Rule 90.3(b),rule,civ 90.3(b),True,genuine,False,hit,,
doc-0098,Civil Rule 90.3(c),rule,civ 90.3(c),True,genuine,False,hit,,
doc-0098,Civil Rule 90.3,rule,civ 90.3,True,genuine,False,hit,,
doc-0098,"Barrett v. Alguire, 35 P.3d 1 (Alaska 2001)",case,35 P.3d 1,True,genuine,False,hit,,
doc-0098,"Nelson v. Nelson, 263 P.3d 49 (Alaska 2011)",case,263 P.3d 49,True,genuine,False,hit,,
doc-0098,"In Tompkins v. Tompkins, 961 P.2d 419 (Alaska 1998)",case,961 P.2d 419,True,genuine,True,hit,,
doc-0099,AS 25.20.996,statute,AS 25.20.996,False,fabricated_statute,False,hit,,
doc-0099,AS 25.24.941,statute,AS 25.24.941,False,fabricated_statute,False,hit,,
doc-0099,AS 25.24.905,statute,AS 25.24.905,False,fabricated_statute,False,hit,,
doc-0099,AS 25.20.110(a),statute,AS 25.20.110(a),True,genuine,False,hit,,
doc-0099,AS 25.24.150(c),statute,AS 25.24.150(c),True,genuine,False,hit,,
doc-0099,AS 25.20.090,statute,AS 25.20.090,True,genuine,False,hit,,
doc-0099,AS 25.20.090(6),statute,AS 25.20.090(6),True,genuine,False,hit,,
doc-0099,AS 25.30.310(a),statute,AS 25.30.310(a),True,genuine,False,hit,,
doc-0099,AS 25.20.090(5),statute,AS 25.20.090(5),True,genuine,False,hit,,
doc-0099,AS 25.20.090(2),statute,AS 25.20.090(2),True,genuine,False,hit,,
doc-0099,Civil Rule 90.3,rule,civ 90.3,True,genuine,False,hit,,
doc-0099,Civil Rule 90.3(a),rule,civ 90.3(a),True,genuine,False,hit,,
doc-0099,Civil Rule 90.3(b),rule,civ 90.3(b),True,genuine,False,hit,,
doc-0099,Civil Rule 90.3(c),rule,civ 90.3(c),True,genuine,False,hit,,
doc-0099,Rule 90.3,rule,civ 90.3,True,genuine,False,hit,,
doc-0099,"Rego v. Rego, 259 P.3d 447 (Alaska 2011)",case,259 P.3d 447,True,genuine,False,hit,,
doc-0099,"Hayes v. Hayes, 922 P.2d 896 (Alaska 1996)",case,922 P.2d 896,True,genuine,False,hit,,
doc-0099,"Ronny M. v. Nanette H., 303 P.3d 392 (Alaska 2013)",case,303 P.3d 392,True,genuine,False,hit,,
doc-0100,AS 25.20.990,statute,AS 25.20.990,False,fabricated_statute,False,hit,,
doc-0100,Civil Rule 938(f),rule,civ 938(f),False,fabricated_rule,False,hit,,
doc-0100,AS 25.20.944,statute,AS 25.20.944,False,fabricated_statute,False,hit,,
doc-0100,AS 25.20.110,statute,AS 25.20.110,True,genuine,False,hit,,
doc-0100,AS 25.20.110(a),statute,AS 25.20.110(a),True,genuine,False,hit,,
doc-0100,AS 25.20.090,statute,AS 25.20.090,True,genuine,False,hit,,
doc-0100,AS 25.20.090(3),statute,AS 25.20.090(3),True,genuine,False,hit,,
doc-0100,AS 25.20.090(9),statute,AS 25.20.090(9),True,genuine,False,hit,,
doc-0100,Civil Rule 90.3(b),rule,civ 90.3(b),True,genuine,False,hit,,
doc-0100,Civil Rule 90.3(h),rule,civ 90.3(h),True,genuine,False,hit,,
doc-0100,"Laramie Rainer v. Ryan Poole, 510 P.3d 476 (Alaska 2022)",case,510 P.3d 476,True,genuine,False,hit,,
doc-0100,"McLane v. Paul, 189 P.3d 1039 (Alaska 2008)",case,189 P.3d 1039,True,genuine,False,hit,,
doc-0100,"Hope P. v. Flynn G., 355 P.3d 559 (Alaska 2015)",case,355 P.3d 559,True,genuine,False,hit,,
doc-0100,"Weathers v. Weathers, 425 P.3d 131 (Alaska 2018)",case,425 P.3d 131,True,genuine,False,hit,,
doc-0100,"Siekawitch v. Siekawitch, 956 P.2d 447 (Alaska 1998)",case,956 P.2d 447,True,genuine,False,hit,,
doc-0100,"Blanton v. Yourkowski, 180 P.3d 948 (Alaska 2008)",case,180 P.3d 948,True,genuine,False,hit,,
doc-0100,"Martin v. Martin, 303 P.3d 421 (Alaska 2013)",case,303 P.3d 421,True,genuine,False,hit,,
doc-0101,AS 25.20.110,statute,AS 25.20.110,True,genuine,False,hit,,
doc-0101,AS 25.20.090,statute,AS 25.20.090,True,genuine,False,hit,,
doc-0101,AS 25.20.070,statute,AS 25.20.070,True,genuine,False,hit,,
doc-0101,AS 25.20.110(a),statute,AS 25.20.110(a),True,genuine,False,hit,,
doc-0101,AS 25.20.090(4),statute,AS 25.20.090(4),True,genuine,False,hit,,
doc-0101,AS 25.20.090(8),statute,AS 25.20.090(8),True,genuine,False,hit,,
doc-0101,AS 25.20.090(1),statute,AS 25.20.090(1),True,genuine,False,hit,,
doc-0101,AS 25.20.090(6),statute,AS 25.20.090(6),True,genuine,False,hit,,
doc-0101,Alaska R. Evid. 706(a),rule,evid 706(a),True,genuine,False,hit,,
doc-0101,Civil Rule 90.3(a),rule,civ 90.3(a),True,genuine,False,hit,,
doc-0101,Civil Rule 90.3(b),rule,civ 90.3(b),True,genuine,False,hit,,
doc-0101,Civil Rule 90.3(c),rule,civ 90.3(c),True,genuine,False,hit,,
doc-0101,Civil Rule 90.3,rule,civ 90.3,True,genuine,False,hit,,
doc-0101,"In Chesser-Witmer v. Chesser, 117 P.3d 711 (Alaska 2005)",case,117 P.3d 711,True,genuine,True,hit,,
doc-0101,"Tompkins v. Tompkins, 961 P.2d 419 (Alaska 1998)",case,961 P.2d 419,True,genuine,False,hit,,
doc-0101,"In Brian Ott v. Haley Runa, 463 P.3d 180 (Alaska 2020)",case,463 P.3d 180,True,genuine,True,hit,,
doc-0101,"Chesser-Witmer v. Chesser, 117 P.3d 711 (Alaska 2005)",case,117 P.3d 711,True,genuine,False,hit,,
doc-0101,"Brian Ott v. Haley Runa, 463 P.3d 180 (Alaska 2020)",case,463 P.3d 180,True,genuine,False,hit,,
doc-0101,"In Harris v. Governale, 311 P.3d 1052 (Alaska 2013)",case,311 P.3d 1052,True,genuine,True,hit,,
doc-0101,"In Pingree v. Cossette, 424 P.3d 371 (Alaska 2018)",case,424 P.3d 371,True,genuine,True,hit,,
doc-0101,"Hope P. v. Flynn G., 355 P.3d 559 (Alaska 2015)",case,355 P.3d 559,True,genuine,False,hit,,
doc-0102,AS 25.20.110(a),statute,AS 25.20.110(a),True,genuine,False,hit,,
doc-0102,AS 25.24.150(c),statute,AS 25.24.150(c),True,genuine,False,hit,,
doc-0102,AS 25.20.070,statute,AS 25.20.070,True,genuine,False,hit,,
doc-0102,AS 25.20.090,statute,AS 25.20.090,True,genuine,False,hit,,
doc-0102,AS 25.24.150(d),statute,AS 25.24.150(d),True,genuine,False,hit,,
doc-0102,AS 25.20.090(3),statute,AS 25.20.090(3),True,genuine,False,hit,,
doc-0102,AS 25.20.090(6),statute,AS 25.20.090(6),True,genuine,False,hit,,
doc-0102,AS 25.20.090(2),statute,AS 25.20.090(2),True,genuine,False,hit,,
doc-0102,Civil Rule 90.3(f),rule,civ 90.3(f),True,genuine,False,hit,,
doc-0102,Civil Rule 90.3(h),rule,civ 90.3(h),True,genuine,False,hit,,
doc-0102,"Laramie Rainer v. Ryan Poole, 510 P.3d 476 (Alaska 2022)",case,510 P.3d 476,True,genuine,False,hit,,
doc-0102,"McLane v. Paul, 189 P.3d 1039 (Alaska 2008)",case,189 P.3d 1039,True,genuine,False,hit,,
doc-0102,"Brett M. v. Amanda M., 445 P.3d 1005 (Alaska 2019)",case,445 P.3d 1005,True,genuine,False,hit,,
doc-0102,"Weathers v. Weathers, 425 P.3d 131 (Alaska 2018)",case,425 P.3d 131,True,genuine,False,hit,,
doc-0102,"Siekawitch v. Siekawitch, 956 P.2d 447 (Alaska 1998)",case,956 P.2d 447,True,genuine,False,hit,,
doc-0102,"Co v. Matson, 313 P.3d 521 (Alaska 2013)",case,313 P.3d 521,True,genuine,False,hit,,
doc-0103,"Ronny M. v. Nanette H., 598 P.3d 878 (Alaska 2013)",case,598 P.3d 878,False,wrong_reporter,False,hit,,
doc-0103,AS 25.20.948,statute,AS 25.20.948,False,fabricated_statute,False,hit,,
doc-0103,"Corbeau v. Dietrich, 412 P.3d 844 (Alaska 2016)",case,412 P.3d 844,False,fabricated_case,False,hit,,
doc-0103,Civil Rule 90.3(g),rule,civ 90.3(g),True,genuine,False,hit,,
doc-0103,Alaska R. Evid. 201(d),rule,evid 201(d),True,genuine,False,hit,,
doc-0103,"Laramie Rainer v. Ryan Poole, 510 P.3d 476 (Alaska 2022)",case,510 P.3d 476,True,genuine,False,hit,,
doc-0103,"Judd v. Burns, 397 P.3d 331 (Alaska 2017)",case,397 P.3d 331,True,genuine,False,hit,,
doc-0103,"Brian Ott v. Haley Runa, 463 P.3d 180 (Alaska 2020)",case,463 P.3d 180,True,genuine,False,hit,,
doc-0103,"Nelson v. Nelson, 263 P.3d 49 (Alaska 2011)",case,263 P.3d 49,True,genuine,False,hit,,
doc-0103,"Barrett v. Alguire, 35 P.3d 1 (Alaska 2001)",case,35 P.3d 1,True,genuine,False,hit,,
doc-0103,"In Barrett v. Alguire, 35 P.3d 1 (Alaska 2001)",case,35 P.3d 1,True,genuine,True,hit,,
doc-0104,AS 25.20.913,statute,AS 25.20.913,False,fabricated_statute,False,hit,,
doc-0104,"Barrett v. Alguire, 611 P.3d 404 (Alaska 2001)",case,611 P.3d 404,False,wrong_reporter,False,hit,,
doc-0104,AS 25.20.961,statute,AS 25.20.961,False,fabricated_statute,False,hit,,
doc-0104,AS 25.20.110,statute,AS 25.20.110,True,genuine,False,hit,,
doc-0104,AS 25.24.150,statute,AS 25.24.150,True,genuine,False,hit,,
doc-0104,AS 25.20.110(a),statute,AS 25.20.110(a),True,genuine,False,hit,,
doc-0104,AS 25.24.150(c),statute,AS 25.24.150(c),True,genuine,False,hit,,
doc-0104,AS 25.20.060(b),statute,AS 25.20.060(b),True,genuine,False,hit,,
doc-0104,AS 25.20.060(a),statute,AS 25.20.060(a),True,genuine,False,hit,,
doc-0104,Civil Rule 90.3(a),rule,civ 90.3(a),True,genuine,False,hit,,
doc-0104,Civil Rule 90.3(b),rule,civ 90.3(b),True,genuine,False,hit,,
doc-0104,Civil Rule 90.3(h),rule,civ 90.3(h),True,genuine,False,hit,,
doc-0104,Civil Rule 90.3,rule,civ 90.3,True,genuine,False,hit,,
doc-0104,"Laramie Rainer v. Ryan Poole, 510 P.3d 476 (Alaska 2022)",case,510 P.3d 476,True,genuine,False,hit,,
doc-0104,"Weathers v. Weathers, 425 P.3d 131 (Alaska 2018)",case,425 P.3d 131,True,genuine,False,hit,,
doc-0104,"McQuade v. McQuade, 901 P.2d 421 (Alaska 1995)",case,901 P.2d 421,True,genuine,False,hit,,
doc-0104,"Pingree v. Cossette, 424 P.3d 371 (Alaska 2018)",case,424 P.3d 371,True,genuine,False,hit,,
doc-0104,"Blanton v. Yourkowski, 180 P.3d 948 (Alaska 2008)",case,180 P.3d 948,True,genuine,False,hit,,
doc-0104,"Ronny M. v. Nanette H., 303 P.3d 392 (Alaska 2013)",case,303 P.3d 392,True,genuine,False,hit,,
doc-0105,AS 25.20.110(a),statute,AS 25.20.110(a),True,genuine,False,hit,,
doc-0105,AS 25.24.150(c),statute,AS 25.24.150(c),True,genuine,False,hit,,
doc-0105,AS 25.20.070,statute,AS 25.20.070,True,genuine,False,hit,,
doc-0105,AS 25.24.150(g),statute,AS 25.24.150(g),True,genuine,False,hit,,
doc-0105,AS 25.20.090,statute,AS 25.20.090,True,genuine,False,hit,,
doc-0105,AS 25.24.150(d),statute,AS 25.24.150(d),True,genuine,False,hit,,
doc-0105,AS 25.20.090(6),statute,AS 25.20.090(6),True,genuine,False,hit,,
doc-0105,Civil Rule 90.3(a),rule,civ 90.3(a),True,genuine,False,hit,,
doc-0105,Civil Rule 90.3(b),rule,civ 90.3(b),True,genuine,False,hit,,
doc-0105,"Nelson v. Nelson, 263 P.3d 49 (Alaska 2011)",case,263 P.3d 49,True,genuine,False,hit,,
doc-0105,"Weathers v. Weathers, 425 P.3d 131 (Alaska 2018)",case,425 P.3d 131,True,genuine,False,hit,,
doc-0105,"Barrett v. Alguire, 35 P.3d 1 (Alaska 2001)",case,35 P.3d 1,True,genuine,False,hit,,
doc-0105,"Tompkins v. Tompkins, 961 P.2d 419 (Alaska 1998)",case,961 P.2d 419,True,genuine,False,hit,,
doc-0105,"Brett M. v. Amanda M., 445 P.3d 1005 (Alaska 2019)",case,445 P.3d 1005,True,genuine,False,hit,,
doc-0106,AS 25.20.110(a),statute,AS 25.20.110(a),True,genuine,False,hit,,
doc-0106,AS 25.24.150(c),statute,AS 25.24.150(c),True,genuine,False,hit,,
doc-0106,AS 25.20.090,statute,AS 25.20.090,True,genuine,False,hit,,
doc-0106,AS 25.20.090(3),statute,AS 25.20.090(3),True,genuine,False,hit,,
doc-0106,AS 25.20.090(5),statute,AS 25.20.090(5),True,genuine,False,hit,,
doc-0106,AS 25.20.090(6),statute,AS 25.20.090(6),True,genuine,False,hit,,
doc-0106,Alaska R. Evid. 706(a),rule,evid 706(a),True,genuine,False,hit,,
doc-0106,Civil Rule 90.3(a),rule,civ 90.3(a),True,genuine,False,hit,,
doc-0106,"In Barrett v. Alguire, 35 P.3d 1 (Alaska 2001)",case,35 P.3d 1,True,genuine,True,hit,,
doc-0106,"Hayes v. Hayes, 922 P.2d 896 (Alaska 1996)",case,922 P.2d 896,True,genuine,False,hit,,
doc-0106,"Barrett v. Alguire, 35 P.3d 1 (Alaska 2001)",case,35 P.3d 1,True,genuine,False,hit,,
doc-0106,"Tompkins v. Tompkins, 961 P.2d 419 (Alaska 1998)",case,961 P.2d 419,True,genuine,False,hit,,
doc-0106,"Iverson v. Griffith, 180 P.3d 943 (Alaska 2008)",case,180 P.3d 943,True,genuine,False,hit,,
doc-0107,AS 25.20.110(a),statute,AS 25.20.110(a),True,genuine,False,hit,,
doc-0107,AS 25.24.150(c),statute,AS 25.24.150(c),True,genuine,False,hit,,
doc-0107,AS 25.20.070,statute,AS 25.20.070,True,genuine,False,hit,,
doc-0107,AS 25.24.150(g),statute,AS 25.24.150(g),True,genuine,False,hit,,
doc-0107,Civil Rule 90.3(a),rule,civ 90.3(a),True,genuine,False,hit,,
doc-0107,Civil Rule 90.3(h),rule,civ 90.3(h),True,genuine,False,hit,,
doc-0107,"Long v. Long, 816 P.2d 145 (Alaska 1991)",case,816 P.2d 145,True,genuine,False,hit,,
doc-0107,"Laramie Rainer v. Ryan Poole, 510 P.3d 476 (Alaska 2022)",case,510 P.3d 476,True,genuine,False,hit,,
doc-0107,"In Ebertz v. Ebertz, 113 P.3d 643 (Alaska 2005)",case,113 P.3d 643,True,genuine,True,hit,,
doc-0107,"In Hope P. v. Flynn G., 355 P.3d 559 (Alaska 2015)",case,355 P.3d 559,True,genuine,True,hit,,
doc-0107,"Alisa Burns v. John Everett Burns, 466 P.3d 352 (Alaska 2020)",case,466 P.3d 352,True,genuine,False,hit,,
doc-0107,"In Blanton v. Yourkowski, 180 P.3d 948 (Alaska 2008)",case,180 P.3d 948,True,genuine,True,hit,,
doc-0108,AS 25.20.110(a),statute,AS 25.20.110(a),True,genuine,False,hit,,
doc-0108,AS 25.24.150(c),statute,AS 25.24.150(c),True,genuine,False,hit,,
doc-0108,Civil Rule 90.3(b),rule,civ 90.3(b),True,genuine,False,hit,,
doc-0108,"Nelson v. Nelson, 263 P.3d 49 (Alaska 2011)",case,263 P.3d 49,True,genuine,False,hit,,
doc-0108,"Barrett v. Alguire, 35 P.3d 1 (Alaska 2001)",case,35 P.3d 1,True,genuine,False,hit,,
doc-0108,"In Barrett v. Alguire, 35 P.3d 1 (Alaska 2001)",case,35 P.3d 1,True,genuine,True,hit,,
doc-0108,"Rego v. Rego, 259 P.3d 447 (Alaska 2011)",case,259 P.3d 447,True,genuine,False,hit,,
doc-0108,"In Sheffield v. Sheffield, 265 P.3d 332 (Alaska 2011)",case,265 P.3d 332,True,genuine,True,hit,,
doc-0109,AS 25.20.110(a),statute,AS 25.20.110(a),True,genuine,False,hit,,
doc-0109,AS 25.24.150(c),statute,AS 25.24.150(c),True,genuine,False,hit,,
doc-0109,AS 25.20.090,statute,AS 25.20.090,True,genuine,False,hit,,
doc-0109,AS 25.20.090(6),statute,AS 25.20.090(6),True,genuine,False,hit,,
doc-0109,AS 25.20.095(f),statute,AS 25.20.095(f),True,genuine,False,hit,,
doc-0109,AS 25.27.060,statute,AS 25.27.060,True,genuine,False,hit,,
doc-0109,Civil Rule 99(a),rule,civ 99(a),True,genuine,False,hit,,
doc-0109,Civil Rule 90.3(a),rule,civ 90.3(a),True,genuine,False,hit,,
doc-0109,Civil Rule 90.3(b),rule,civ 90.3(b),True,genuine,False,hit,,
doc-0109,"Chesser-Witmer v. Chesser, 117 P.3d 711 (Alaska 2005)",case,117 P.3d 711,True,genuine,False,hit,,
doc-0109,"Rego v. Rego, 259 P.3d 447 (Alaska 2011)",case,259 P.3d 447,True,genuine,False,hit,,
doc-0109,"Sheffield v. Sheffield, 265 P.3d 332 (Alaska 2011)",case,265 P.3d 332,True,genuine,False,hit,,
doc-0109,"Blanton v. Yourkowski, 180 P.3d 948 (Alaska 2008)",case,180 P.3d 948,True,genuine,False,hit,,
doc-0109,"Havel v. Hogan, 216 P.3d 1142 (Alaska 2009)",case,216 P.3d 1142,True,genuine,False,hit,,
doc-0110,AS 25.24.910,statute,AS 25.24.910,False,fabricated_statute,False,hit,,
doc-0110,"Teale v. Wysocki, 541 P.3d 636 (Alaska 2013)",case,541 P.3d 636,False,fabricated_case,False,hit,,
doc-0110,"Marden v. Colquhoun, 475 P.3d 336 (Alaska 2004)",case,475 P.3d 336,False,fabricated_case,False,hit,,
doc-0110,AS 25.20.110(a),statute,AS 25.20.110(a),True,genuine,False,hit,,
doc-0110,AS 25.24.150(d),statute,AS 25.24.150(d),True,genuine,False,hit,,
doc-0110,AS 25.20.110(e),statute,AS 25.20.110(e),True,genuine,False,hit,,
doc-0110,Civil Rule 99(a),rule,civ 99(a),True,genuine,False,hit,,
doc-0110,"Bagby v. Bagby, 250 P.3d 1127 (Alaska 2011)",case,250 P.3d 1127,True,genuine,False,hit,,
doc-0110,"Iverson v. Griffith, 180 P.3d 943 (Alaska 2008)",case,180 P.3d 943,True,genuine,False,hit,,
doc-0110,"McLane v. Paul, 189 P.3d 1039 (Alaska 2008)",case,189 P.3d 1039,True,genuine,False,hit,,
doc-0110,"Blanton v. Yourkowski, 180 P.3d 948 (Alaska 2008)",case,180 P.3d 948,True,genuine,False,hit,,
doc-0111,AS 25.20.110(a),statute,AS 25.20.110(a),True,genuine,False,hit,,
doc-0111,AS 25.24.150(c),statute,AS 25.24.150(c),True,genuine,False,hit,,
doc-0111,AS 25.24.150(g),statute,AS 25.24.150(g),True,genuine,False,hit,,
doc-0111,AS 25.20.090,statute,AS 25.20.090,True,genuine,False,hit,,
doc-0111,AS 25.20.110(c),statute,AS 25.20.110(c),True,genuine,False,hit,,
doc-0111,AS 25.20.090(3),statute,AS 25.20.090(3),True,genuine,False,hit,,
doc-0111,AS 25.20.061,statute,AS 25.20.061,True,genuine,False,hit,,
doc-0111,AS 18.66.100(c),statute,AS 18.66.100(c),True,genuine,False,hit,,
doc-0111,AS 25.24.150,statute,AS 25.24.150,True,genuine,False,hit,,
doc-0111,Civil Rule 90.3(a),rule,civ 90.3(a),True,genuine,False,hit,,
doc-0111,Civil Rule 90.3(b),rule,civ 90.3(b),True,genuine,False,hit,,
doc-0111,Civil Rule 90.3(c),rule,civ 90.3(c),True,genuine,False,hit,,
doc-0111,"Laramie Rainer v. Ryan Poole, 510 P.3d 476 (Alaska 2022)",case,510 P.3d 476,True,genuine,False,hit,,
doc-0111,"Barrett v. Alguire, 35 P.3d 1 (Alaska 2001)",case,35 P.3d 1,True,genuine,False,hit,,
doc-0111,"Moore v. McGillis, 408 P.3d 1196 (Alaska 2018)",case,408 P.3d 1196,True,genuine,False,hit,,
doc-0111,"Wells v. Barile, 358 P.3d 583 (Alaska 2015)",case,358 P.3d 583,True,genuine,False,hit,,
doc-0111,"In Stephanie F. v. George C., 270 P.3d 737 (Alaska 2012)",case,270 P.3d 737,True,genuine,True,hit,,
doc-0111,"In Deininger v. Deininger, 835 P.2d 449 (Alaska 1992)",case,835 P.2d 449,True,genuine,True,hit,,
doc-0111,"In Barile v. Barile, 179 P.3d 944 (Alaska 2008)",case,179 P.3d 944,True,genuine,True,hit,,
doc-0112,AS 25.24.950,statute,AS 25.24.950,False,fabricated_statute,False,hit,,
doc-0112,"Blanton v. Yourkowski, 506 P.3d 313 (Alaska 2008)",case,506 P.3d 313,False,wrong_reporter,False,hit,,
doc-0112,AS 25.24.924,statute,AS 25.24.924,False,fabricated_statute,False,hit,,
doc-0112,AS 25.20.110(a),statute,AS 25.20.110(a),True,genuine,False,hit,,
doc-0112,AS 25.20.070,statute,AS 25.20.070,True,genuine,False,hit,,
doc-0112,AS 25.24.150(g),statute,AS 25.24.150(g),True,genuine,False,hit,,
doc-0112,AS 25.20.090,statute,AS 25.20.090,True,genuine,False,hit,,
doc-0112,AS 25.20.090(6),statute,AS 25.20.090(6),True,genuine,False,hit,,
doc-0112,AS 25.24.150(d),statute,AS 25.24.150(d),True,genuine,False,hit,,
doc-0112,AS 25.30.310(a),statute,AS 25.30.310(a),True,genuine,False,hit,,
doc-0112,Civil Rule 90.3(a),rule,civ 90.3(a),True,genuine,False,hit,,
doc-0112,Civil Rule 90.3(f),rule,civ 90.3(f),True,genuine,False,hit,,
doc-0112,Civil Rule 90.3(b),rule,civ 90.3(b),True,genuine,False,hit,,
doc-0112,Civil Rule 90.3(c),rule,civ 90.3(c),True,genuine,False,hit,,
doc-0112,"Nelson v. Nelson, 263 P.3d 49 (Alaska 2011)",case,263 P.3d 49,True,genuine,False,hit,,
doc-0112,"McLane v. Paul, 189 P.3d 1039 (Alaska 2008)",case,189 P.3d 1039,True,genuine,False,hit,,
doc-0112,"Hope P. v. Flynn G., 355 P.3d 559 (Alaska 2015)",case,355 P.3d 559,True,genuine,False,hit,,
doc-0112,"D.D. v. L.A.H., 27 P.3d 757 (Alaska 2001)",case,27 P.3d 757,True,genuine,False,hit,,
doc-0112,"Tompkins v. Tompkins, 961 P.2d 419 (Alaska 1998)",case,961 P.2d 419,True,genuine,False,hit,,
doc-0113,AS 25.20.914,statute,AS 25.20.914,False,fabricated_statute,False,hit,,
doc-0113,AS 25.20.910,statute,AS 25.20.910,False,fabricated_statute,False,hit,,
doc-0113,AS 25.20.110(a),statute,AS 25.20.110(a),True,genuine,False,hit,,
doc-0113,AS 25.24.150(c),statute,AS 25.24.150(c),True,genuine,False,hit,,
doc-0113,AS 25.20.090,statute,AS 25.20.090,True,genuine,False,hit,,
doc-0113,AS 25.20.070,statute,AS 25.20.070,True,genuine,False,hit,,
doc-0113,AS 25.24.150(g),statute,AS 25.24.150(g),True,genuine,False,hit,,
doc-0113,AS 25.20.090(9),statute,AS 25.20.090(9),True,genuine,False,hit,,
doc-0113,AS 25.20.090(1),statute,AS 25.20.090(1),True,genuine,False,hit,,
doc-0113,AS 25.20.090(8),statute,AS 25.20.090(8),True,genuine,False,hit,,
doc-0113,AS 25.20.090(3),statute,AS 25.20.090(3),True,genuine,False,hit,,
doc-0113,AS 25.20.090(4),statute,AS 25.20.090(4),True,genuine,False,hit,,
doc-0113,AS 25.20.090(5),statute,AS 25.20.090(5),True,genuine,False,hit,,
doc-0113,Civil Rule 90.3(h),rule,civ 90.3(h),True,genuine,False,hit,,
doc-0113,Civil Rule 90.3(b),rule,civ 90.3(b),True,genuine,False,hit,,
doc-0113,Civil Rule 90.3(a),rule,civ 90.3(a),True,genuine,False,hit,,
doc-0113,"Havel v. Hogan, 216 P.3d 1142 (Alaska 2009)",case,216 P.3d 1142,True,genuine,False,hit,,
doc-0113,"Kristina B. v. Edward B., 329 P.3d 202 (Alaska 2014)",case,329 P.3d 202,True,genuine,False,hit,,
doc-0113,"Hunter v. Conwell, 276 P.3d 413 (Alaska 2012)",case,276 P.3d 413,True,genuine,False,hit,,
doc-0113,"Barrett v. Alguire, 35 P.3d 1 (Alaska 2001)",case,35 P.3d 1,True,genuine,False,hit,,
doc-0113,"Moore v. McGillis, 408 P.3d 1196 (Alaska 2018)",case,408 P.3d 1196,True,genuine,False,hit,,
doc-0114,AS 25.20.110,statute,AS 25.20.110,True,genuine,False,hit,,
doc-0114,AS 25.24.150(c),statute,AS 25.24.150(c),True,genuine,False,hit,,
doc-0114,AS 25.20.110(a),statute,AS 25.20.110(a),True,genuine,False,hit,,
doc-0114,AS 25.20.090,statute,AS 25.20.090,True,genuine,False,hit,,
doc-0114,AS 25.20.090(6),statute,AS 25.20.090(6),True,genuine,False,hit,,
doc-0114,AS 25.24.150(h),statute,AS 25.24.150(h),True,genuine,False,hit,,
doc-0114,AS 25.30.310(a),statute,AS 25.30.310(a),True,genuine,False,hit,,
doc-0114,AS 25.24.150,statute,AS 25.24.150,True,genuine,False,hit,,
doc-0114,Civil Rule 90.3(h),rule,civ 90.3(h),True,genuine,False,hit,,
doc-0114,Civil Rule 90.3(b),rule,civ 90.3(b),True,genuine,False,hit,,
doc-0114,"Long v. Long, 816 P.2d 145 (Alaska 1991)",case,816 P.2d 145,True,genuine,False,hit,,
doc-0114,"Weathers v. Weathers, 425 P.3d 131 (Alaska 2018)",case,425 P.3d 131,True,genuine,False,hit,,
doc-0114,"Barrett v. Alguire, 35 P.3d 1 (Alaska 2001)",case,35 P.3d 1,True,genuine,False,hit,,
doc-0114,"Blanton v. Yourkowski, 180 P.3d 948 (Alaska 2008)",case,180 P.3d 948,True,genuine,False,hit,,
doc-0114,"Tompkins v. Tompkins, 961 P.2d 419 (Alaska 1998)",case,961 P.2d 419,True,genuine,False,hit,,
doc-0115,AS 25.20.110(a),statute,AS 25.20.110(a),True,genuine,False,hit,,
doc-0115,AS 25.24.150(c),statute,AS 25.24.150(c),True,genuine,False,hit,,
doc-0115,AS 25.20.070,statute,AS 25.20.070,True,genuine,False,hit,,
doc-0115,AS 25.20.090(6),statute,AS 25.20.090(6),True,genuine,False,hit,,
doc-0115,Civil Rule 90.3(a),rule,civ 90.3(a),True,genuine,False,hit,,
doc-0115,Civil Rule 90.3(b),rule,civ 90.3(b),True,genuine,False,hit,,
doc-0115,Civil Rule 90.3,rule,civ 90.3,True,genuine,False,hit,,
doc-0115,"Hope P. v. Flynn G., 355 P.3d 559 (Alaska 2015)",case,355 P.3d 559,True,genuine,False,hit,,
doc-0115,"Weathers v. Weathers, 425 P.3d 131 (Alaska 2018)",case,425 P.3d 131,True,genuine,False,hit,,
doc-0115,"Tompkins v. Tompkins, 961 P.2d 419 (Alaska 1998)",case,961 P.2d 419,True,genuine,False,hit,,
doc-0115,"Harris v. Governale, 311 P.3d 1052 (Alaska 2013)",case,311 P.3d 1052,True,genuine,False,hit,,
doc-0116,AS 25.20.110(a),statute,AS 25.20.110(a),True,genuine,False,hit,,
doc-0116,AS 25.24.150(c),statute,AS 25.24.150(c),True,genuine,False,hit,,
doc-0116,AS 25.20.090,statute,AS 25.20.090,True,genuine,False,hit,,
doc-0116,AS 25.20.070,statute,AS 25.20.070,True,genuine,False,hit,,
doc-0116,AS 25.20.090(1),statute,AS 25.20.090(1),True,genuine,False,hit,,
doc-0116,Civil Rule 90.3(b),rule,civ 90.3(b),True,genuine,False,hit,,
doc-0116,"McLane v. Paul, 189 P.3d 1039 (Alaska 2008)",case,189 P.3d 1039,True,genuine,False,hit,,
doc-0116,"Nelson v. Nelson, 263 P.3d 49 (Alaska 2011)",case,263 P.3d 49,True,genuine,False,hit,,
doc-0116,"Barrett v. Alguire, 35 P.3d 1 (Alaska 2001)",case,35 P.3d 1,True,genuine,False,hit,,
doc-0116,"In Nelson v. Nelson, 263 P.3d 49 (Alaska 2011)",case,263 P.3d 49,True,genuine,True,hit,,
doc-0116,"Hayes v. Hayes, 922 P.2d 896 (Alaska 1996)",case,922 P.2d 896,True,genuine,False,hit,,
doc-0116,"Tompkins v. Tompkins, 961 P.2d 419 (Alaska 1998)",case,961 P.2d 419,True,genuine,False,hit,,
doc-0117,"Nelson v. Nelson, 512 P.3d 247 (Alaska 2011)",case,512 P.3d 247,False,wrong_reporter,False,hit,,
doc-0117,Civil Rule 958(b),rule,civ 958(b),False,fabricated_rule,False,hit,,
doc-0117,AS 25.20.110(a),statute,AS 25.20.110(a),True,genuine,False,hit,,
doc-0117,AS 25.24.150(c),statute,AS 25.24.150(c),True,genuine,False,hit,,
doc-0117,AS 25.20.090,statute,AS 25.20.090,True,genuine,False,hit,,
doc-0117,AS 25.20.070,statute,AS 25.20.070,True,genuine,False,hit,,
doc-0117,Civil Rule 90.3(a),rule,civ 90.3(a),True,genuine,False,hit,,
doc-0117,"Hayes v. Hayes, 922 P.2d 896 (Alaska 1996)",case,922 P.2d 896,True,genuine,False,hit,,
doc-0117,"Tompkins v. Tompkins, 961 P.2d 419 (Alaska 1998)",case,961 P.2d 419,True,genuine,False,hit,,
doc-0117,"Ronny M. v. Nanette H., 303 P.3d 392 (Alaska 2013)",case,303 P.3d 392,True,genuine,False,hit,,
doc-0117,"Hope P. v. Flynn G., 355 P.3d 559 (Alaska 2015)",case,355 P.3d 559,True,genuine,False,hit,,
doc-0118,AS 25.20.110(a),statute,AS 25.20.110(a),True,genuine,False,hit,,
doc-0118,AS 25.24.150(c),statute,AS 25.24.150(c),True,genuine,False,hit,,
doc-0118,AS 25.20.090,statute,AS 25.20.090,True,genuine,False,hit,,
doc-0118,AS 25.20.070,statute,AS 25.20.070,True,genuine,False,hit,,
doc-0118,AS 25.24.150(g),statute,AS 25.24.150(g),True,genuine,False,hit,,
doc-0118,AS 25.20.090(3),statute,AS 25.20.090(3),True,genuine,False,hit,,
doc-0118,AS 25.20.090(6),statute,AS 25.20.090(6),True,genuine,False,hit,,
doc-0118,Civil Rule 90.3(a),rule,civ 90.3(a),True,genuine,False,hit,,
doc-0118,Civil Rule 90.3(f),rule,civ 90.3(f),True,genuine,False,hit,,
doc-0118,Civil Rule 90.3(h),rule,civ 90.3(h),True,genuine,False,hit,,
doc-0118,Civil Rule 90.3(c),rule,civ 90.3(c),True,genuine,False,hit,,
doc-0118,Alaska R. Evid. 706(a),rule,evid 706(a),True,genuine,False,hit,,
doc-0118,Alaska R. Evid. 201(d),rule,evid 201(d),True,genuine,False,hit,,
doc-0118,"In Laramie Rainer v. Ryan Poole, 510 P.3d 476 (Alaska 2022)",case,510 P.3d 476,True,genuine,True,hit,,
doc-0118,"McQuade v. McQuade, 901 P.2d 421 (Alaska 1995)",case,901 P.2d 421,True,genuine,False,hit,,
doc-0118,"In Barrett v. Alguire, 35 P.3d 1 (Alaska 2001)",case,35 P.3d 1,True,genuine,True,hit,,
doc-0118,"Laramie Rainer v. Ryan Poole, 510 P.3d 476 (Alaska 2022)",case,510 P.3d 476,True,genuine,False,hit,,
doc-0118,"Blanton v. Yourkowski, 180 P.3d 948 (Alaska 2008)",case,180 P.3d 948,True,genuine,False,hit,,
doc-0118,"Hope P. v. Flynn G., 355 P.3d 559 (Alaska 2015)",case,355 P.3d 559,True,genuine,False,hit,,
doc-0119,AS 25.24.974,statute,AS 25.24.974,False,fabricated_statute,False,hit,,
doc-0119,AS 25.20.928,statute,AS 25.20.928,False,fabricated_statute,False,hit,,
doc-0119,AS 25.20.944,statute,AS 25.20.944,False,fabricated_statute,False,hit,,
doc-0119,AS 25.20.090,statute,AS 25.20.090,True,genuine,False,hit,,
doc-0119,AS 25.20.070,statute,AS 25.20.070,True,genuine,False,hit,,
doc-0119,Civil Rule 90.3(f),rule,civ 90.3(f),True,genuine,False,hit,,
doc-0119,Civil Rule 90.3(a),rule,civ 90.3(a),True,genuine,False,hit,,
doc-0119,Civil Rule 90.3(b),rule,civ 90.3(b),True,genuine,False,hit,,
doc-0119,"Nelson v. Nelson, 263 P.3d 49 (Alaska 2011)",case,263 P.3d 49,True,genuine,False,hit,,
doc-0119,"Weathers v. Weathers, 425 P.3d 131 (Alaska 2018)",case,425 P.3d 131,True,genuine,False,hit,,
doc-0119,"Sheffield v. Sheffield, 265 P.3d 332 (Alaska 2011)",case,265 P.3d 332,True,genuine,False,hit,,
doc-0119,"Tompkins v. Tompkins, 961 P.2d 419 (Alaska 1998)",case,961 P.2d 419,True,genuine,False,hit,,
doc-0119,"Hope P. v. Flynn G., 355 P.3d 559 (Alaska 2015)",case,355 P.3d 559,True,genuine,False,hit,,
doc-0120,AS 25.20.900,statute,AS 25.20.900,False,fabricated_statute,False,hit,,
doc-0120,"Marden v. Colquhoun, 521 P.3d 700 (Alaska 2003)",case,521 P.3d 700,False,fabricated_case,False,hit,,
doc-0120,AS 25.24.947,statute,AS 25.24.947,False,fabricated_statute,False,hit,,
doc-0120,AS 25.20.090,statute,AS 25.20.090,True,genuine,False,hit,,
doc-0120,AS 25.20.090(6),statute,AS 25.20.090(6),True,genuine,False,hit,,
doc-0120,AS 25.20.095(f),statute,AS 25.20.095(f),True,genuine,False,hit,,
doc-0120,Civil Rule 90.3(c),rule,civ 90.3(c),True,genuine,False,hit,,
doc-0120,"Sheffield v. Sheffield, 265 P.3d 332 (Alaska 2011)",case,265 P.3d 332,True,genuine,False,hit,,
doc-0120,"Hope P. v. Flynn G., 355 P.3d 559 (Alaska 2015)",case,355 P.3d 559,True,genuine,False,hit,,
doc-0120,"Tompkins v. Tompkins, 961 P.2d 419 (Alaska 1998)",case,961 P.2d 419,True,genuine,False,hit,,
doc-0120,"Barrett v. Alguire, 35 P.3d 1 (Alaska 2001)",case,35 P.3d 1,True,genuine,False,hit,,
doc-0120,"Ronny M. v. Nanette H., 303 P.3d 392 (Alaska 2013)",case,303 P.3d 392,True,genuine,False,hit,,
doc-0121,AS 18.66.100,statute,AS 18.66.100,True,genuine,False,hit,,
doc-0121,AS 18.66.100(a),statute,AS 18.66.100(a),True,genuine,False,hit,,
doc-0121,AS 18.66.100(b),statute,AS 18.66.100(b),True,genuine,False,hit,,
doc-0121,AS 18.66.100(e),statute,AS 18.66.100(e),True,genuine,False,hit,,
doc-0121,AS 18.66.100(c),statute,AS 18.66.100(c),True,genuine,False,hit,,
doc-0121,AS 18.66.110,statute,AS 18.66.110,True,genuine,False,hit,,
doc-0121,AS 25.24.140(b),statute,AS 25.24.140(b),True,genuine,False,hit,,
doc-0121,AS 18.66.130(c),statute,AS 18.66.130(c),True,genuine,False,hit,,
doc-0121,AS 18.66.130(a),statute,AS 18.66.130(a),True,genuine,False,hit,,
doc-0121,AS 18.66.990,statute,AS 18.66.990,True,genuine,False,hit,,
doc-0121,Civil Rule 65(b),rule,civ 65(b),True,genuine,False,hit,,
doc-0121,Civil Rule 65.1,rule,civ 65.1,True,genuine,False,hit,,
doc-0121,Civil Rule 3(h),rule,civ 3(h),True,genuine,False,hit,,
doc-0121,Civil Rule 100(a),rule,civ 100(a),True,genuine,False,hit,,
doc-0121,Alaska R. Evid. 505(a),rule,evid 505(a),True,genuine,False,hit,,
doc-0121,Alaska R. Evid. 505(b),rule,evid 505(b),True,genuine,False,hit,,
doc-0121,"In Whalen v. Whalen, 425 P.3d 150 (Alaska 2018)",case,425 P.3d 150,True,genuine,True,hit,,
doc-0121,"In Sarah D. v. John D., 352 P.3d 419 (Alaska 2015)",case,352 P.3d 419,True,genuine,True,hit,,
doc-0121,"Sarah D. v. John D., 352 P.3d 419 (Alaska 2015)",case,352 P.3d 419,True,genuine,False,hit,,
doc-0122,Civil Rule 923(b),rule,civ 923(b),False,fabricated_rule,False,hit,,
doc-0122,Alaska R. Evid. 926(a),rule,evid 926(a),False,fabricated_rule,False,hit,,
doc-0122,AS 18.66.916,statute,AS 18.66.916,False,fabricated_statute,False,hit,,
doc-0122,AS 18.66.100(b),statute,AS 18.66.100(b),True,genuine,False,hit,,
doc-0122,AS 18.66.110(a),statute,AS 18.66.110(a),True,genuine,False,hit,,
doc-0122,AS 18.66.100(e),statute,AS 18.66.100(e),True,genuine,False,hit,,
doc-0122,AS 18.66.110(d),statute,AS 18.66.110(d),True,genuine,False,hit,,
doc-0122,AS 18.66.100,statute,AS 18.66.100,True,genuine,False,hit,,
doc-0122,AS 25.24.140,statute,AS 25.24.140,True,genuine,False,hit,,
doc-0122,AS 25.24.140(b),statute,AS 25.24.140(b),True,genuine,False,hit,,
doc-0122,AS 25.24.140(d),statute,AS 25.24.140(d),True,genuine,False,hit,,
doc-0122,AS 18.66.130(c),statute,AS 18.66.130(c),True,genuine,False,hit,,
doc-0122,AS 18.66.130(a),statute,AS 18.66.130(a),True,genuine,False,hit,,
doc-0122,AS 18.66.990,statute,AS 18.66.990,True,genuine,False,hit,,
doc-0122,AS 18.66.130(d),statute,AS 18.66.130(d),True,genuine,False,hit,,
doc-0122,Civil Rule 3(h),rule,civ 3(h),True,genuine,False,hit,,
doc-0122,Civil Rule 100(a),rule,civ 100(a),True,genuine,False,hit,,
doc-0122,Civil Rule 65.1,rule,civ 65.1,True,genuine,False,hit,,
doc-0122,Alaska R. Evid. 505(b),rule,evid 505(b),True,genuine,False,hit,,
doc-0122,"In Thomas v. Thomas, 171 P.3d 98 (Alaska 2007)",case,171 P.3d 98,True,genuine,True,hit,,
doc-0122,"See Yelena R. v. George R., 326 P.3d 989 (Alaska 2014)",case,326 P.3d 989,True,genuine,True,hit,,
doc-0122,"Whalen v. Whalen, 425 P.3d 150 (Alaska 2018)",case,425 P.3d 150,True,genuine,False,hit,,
doc-0122,"See Misyura v. Misyura, 242 P.3d 1037 (Alaska 2010)",case,242 P.3d 1037,True,genuine,True,hit,,
doc-0122,"See State v. Strane, 61 P.3d 1284 (Alaska 2003)",case,61 P.3d 1284,True,genuine,True,hit,,
doc-0123,AS 18.66.100,statute,AS 18.66.100,True,genuine,False,hit,,
doc-0123,AS 18.66.110,statute,AS 18.66.110,True,genuine,False,hit,,
doc-0123,AS 18.66.100(c),statute,AS 18.66.100(c),True,genuine,False,hit,,
doc-0123,AS 18.66.110(d),statute,AS 18.66.110(d),True,genuine,False,hit,,
doc-0123,AS 18.66.130(a),statute,AS 18.66.130(a),True,genuine,False,hit,,
doc-0123,AS 18.66.100(b),statute,AS 18.66.100(b),True,genuine,False,hit,,
doc-0123,AS 18.66.130(c),statute,AS 18.66.130(c),True,genuine,False,hit,,
doc-0123,AS 18.66.180,statute,AS 18.66.180,True,genuine,False,hit,,
doc-0123,AS 25.24.060(f),statute,AS 25.24.060(f),True,genuine,False,hit,,
doc-0123,AS 25.24.140(d),statute,AS 25.24.140(d),True,genuine,False,hit,,
doc-0123,AS 18.66.150(d),statute,AS 18.66.150(d),True,genuine,False,hit,,
doc-0123,AS 18.66.150(c),statute,AS 18.66.150(c),True,genuine,False,hit,,
doc-0123,Civil Rule 65(b),rule,civ 65(b),True,genuine,False,hit,,
doc-0123,Civil Rule 3(h),rule,civ 3(h),True,genuine,False,hit,,
doc-0123,Civil Rule 100(a),rule,civ 100(a),True,genuine,False,hit,,
doc-0123,Civil Rule 65(e),rule,civ 65(e),True,genuine,False,hit,,
doc-0123,Civil Rule 65.1,rule,civ 65.1,True,genuine,False,hit,,
doc-0123,"In Mitchell v. Mitchell, 445 P.3d 660 (Alaska 2019)",case,445 P.3d 660,True,genuine,True,hit,,
doc-0123,"In Thomas v. Thomas, 171 P.3d 98 (Alaska 2007)",case,171 P.3d 98,True,genuine,True,hit,,
doc-0123,"In Whalen v. Whalen, 425 P.3d 150 (Alaska 2018)",case,425 P.3d 150,True,genuine,True,hit,,
doc-0123,"Whalen v. Whalen, 425 P.3d 150 (Alaska 2018)",case,425 P.3d 150,True,genuine,False,hit,,
doc-0123,"Thomas v. Thomas, 171 P.3d 98 (Alaska 2007)",case,171 P.3d 98,True,genuine,False,hit,,
doc-0123,"Williams v. Barbee, 243 P.3d 995 (Alaska 2010)",case,243 P.3d 995,True,genuine,False,hit,,
doc-0124,AS 18.66.100(b),statute,AS 18.66.100(b),True,genuine,False,hit,,
doc-0124,AS 18.66.100(c),statute,AS 18.66.100(c),True,genuine,False,hit,,
doc-0124,AS 18.66.100,statute,AS 18.66.100,True,genuine,False,hit,,
doc-0124,AS 18.66.110(a),statute,AS 18.66.110(a),True,genuine,False,hit,,
doc-0124,AS 18.66.100(e),statute,AS 18.66.100(e),True,genuine,False,hit,,
doc-0124,AS 18.66.130(a),statute,AS 18.66.130(a),True,genuine,False,hit,,
doc-0124,AS 25.24.140(b),statute,AS 25.24.140(b),True,genuine,False,hit,,
doc-0124,AS 18.66.130(c),statute,AS 18.66.130(c),True,genuine,False,hit,,
doc-0124,Civil Rule 65(b),rule,civ 65(b),True,genuine,False,hit,,
doc-0124,Civil Rule 100(a),rule,civ 100(a),True,genuine,False,hit,,
doc-0124,Civil Rule 65.1,rule,civ 65.1,True,genuine,False,hit,,
doc-0124,"Whalen v. Whalen, 425 P.3d 150 (Alaska 2018)",case,425 P.3d 150,True,genuine,False,hit,,
doc-0124,"Sarah D. v. John D., 352 P.3d 419 (Alaska 2015)",case,352 P.3d 419,True,genuine,False,hit,,
doc-0125,Civil Rule 931(h),rule,civ 931(h),False,fabricated_rule,False,hit,,
doc-0125,AS 18.66.998,statute,AS 18.66.998,False,fabricated_statute,False,lenient_hit,subsection differs,
doc-0125,AS 18.66.100(b),statute,AS 18.66.100(b),True,genuine,False,hit,,
doc-0125,AS 18.66.100(c),statute,AS 18.66.100(c),True,genuine,False,hit,,
doc-0125,AS 18.66.100(e),statute,AS 18.66.100(e),True,genuine,False,hit,,
doc-0125,AS 18.66.110(a),statute,AS 18.66.110(a),True,genuine,False,lenient_hit,subsection differs,
doc-0125,AS 18.66.100,statute,AS 18.66.100,True,genuine,False,hit,,
doc-0125,AS 18.66.130(a),statute,AS 18.66.130(a),True,genuine,False,hit,,
doc-0125,AS 25.24.140(b),statute,AS 25.24.140(b),True,genuine,False,hit,,
doc-0125,AS 18.65.520(a),statute,AS 18.65.520(a),True,genuine,False,hit,,
doc-0125,AS 18.66.130(c),statute,AS 18.66.130(c),True,genuine,False,hit,,
doc-0125,Civil Rule 65.1,rule,civ 65.1,True,genuine,False,hit,,
doc-0125,Civil Rule 65(e),rule,civ 65(e),True,genuine,False,hit,,
doc-0125,Civil Rule 100(a),rule,civ 100(a),True,genuine,False,hit,,
doc-0125,"Whalen v. Whalen, 425 P.3d 150 (Alaska 2018)",case,425 P.3d 150,True,genuine,False,hit,,
doc-0125,"Sarah D. v. John D., 352 P.3d 419 (Alaska 2015)",case,352 P.3d 419,True,genuine,False,hit,,
doc-0126,AS 18.66.100,statute,AS 18.66.100,True,genuine,False,hit,,
doc-0126,AS 18.66.150(d),statute,AS 18.66.150(d),True,genuine,False,hit,,
doc-0126,AS 18.66.100(b),statute,AS 18.66.100(b),True,genuine,False,hit,,
doc-0126,AS 18.66.100(c),statute,AS 18.66.100(c),True,genuine,False,hit,,
doc-0126,AS 18.66.100(e),statute,AS 18.66.100(e),True,genuine,False,hit,,
doc-0126,AS 18.66.130(a),statute,AS 18.66.130(a),True,genuine,False,hit,,
doc-0126,AS 18.66.100(a),statute,AS 18.66.100(a),True,genuine,False,hit,,
doc-0126,AS 18.66.130,statute,AS 18.66.130,True,genuine,False,hit,,
doc-0126,AS 18.66.130(c),statute,AS 18.66.130(c),True,genuine,False,hit,,
doc-0126,AS 18.66.150,statute,AS 18.66.150,True,genuine,False,hit,,
doc-0126,AS 18.66.150(c),statute,AS 18.66.150(c),True,genuine,False,hit,,
doc-0126,AS 25.24.140(b),statute,AS 25.24.140(b),True,genuine,False,hit,,
doc-0126,Civil Rule 65.1,rule,civ 65.1,True,genuine,False,hit,,
doc-0126,Civil Rule 3(h),rule,civ 3(h),True,genuine,False,hit,,
doc-0126,Civil Rule 100(a),rule,civ 100(a),True,genuine,False,hit,,
doc-0126,"McGraw v. Cox, 285 P.3d 276 (Alaska 2012)",case,285 P.3d 276,True,genuine,False,hit,,
doc-0126,"Whalen v. Whalen, 425 P.3d 150 (Alaska 2018)",case,425 P.3d 150,True,genuine,False,hit,,
doc-0126,"Thomas v. Thomas, 171 P.3d 98 (Alaska 2007)",case,171 P.3d 98,True,genuine,False,hit,,
doc-0126,"Williams v. Barbee, 243 P.3d 995 (Alaska 2010)",case,243 P.3d 995,True,genuine,False,hit,,
doc-0126,"Wee v. Eggener, 225 P.3d 1120 (Alaska 2010)",case,225 P.3d 1120,True,genuine,False,hit,,
doc-0127,AS 18.66.100,statute,AS 18.66.100,True,genuine,False,hit,,
doc-0127,AS 18.66.100(b),statute,AS 18.66.100(b),True,genuine,False,hit,,
doc-0127,AS 18.66.100(c),statute,AS 18.66.100(c),True,genuine,False,hit,,
doc-0127,AS 18.66.100(e),statute,AS 18.66.100(e),True,genuine,False,hit,,
doc-0127,AS 25.24.140(b),statute,AS 25.24.140(b),True,genuine,False,hit,,
doc-0127,AS 18.66.130(a),statute,AS 18.66.130(a),True,genuine,False,hit,,
doc-0127,AS 25.24.060(f),statute,AS 25.24.060(f),True,genuine,False,hit,,
doc-0127,AS 25.24.140(d),statute,AS 25.24.140(d),True,genuine,False,hit,,
doc-0127,AS 25.24.140(c),statute,AS 25.24.140(c),True,genuine,False,hit,,
doc-0127,AS 18.66.130(c),statute,AS 18.66.130(c),True,genuine,False,hit,,
doc-0127,AS 18.66.130(e),statute,AS 18.66.130(e),True,genuine,False,hit,,
doc-0127,Civil Rule 3(h),rule,civ 3(h),True,genuine,False,hit,,
doc-0127,Civil Rule 65.1,rule,civ 65.1,True,genuine,False,hit,,
doc-0127,"Whalen v. Whalen, 425 P.3d 150 (Alaska 2018)",case,425 P.3d 150,True,genuine,False,hit,,
doc-0127,"Sarah D. v. John D., 352 P.3d 419 (Alaska 2015)",case,352 P.3d 419,True,genuine,False,hit,,
doc-0127,"In Whalen v. Whalen, 425 P.3d 150 (Alaska 2018)",case,425 P.3d 150,True,genuine,True,hit,,
doc-0128,AS 18.66.100(b),statute,AS 18.66.100(b),True,genuine,False,hit,,
doc-0128,AS 18.66.100(c),statute,AS 18.66.100(c),True,genuine,False,hit,,
doc-0128,AS 18.66.110(a),statute,AS 18.66.110(a),True,genuine,False,hit,,
doc-0128,AS 25.24.140(b),statute,AS 25.24.140(b),True,genuine,False,hit,,
doc-0128,AS 18.66.100,statute,AS 18.66.100,True,genuine,False,hit,,
doc-0128,AS 18.66.100(a),statute,AS 18.66.100(a),True,genuine,False,hit,,
doc-0128,AS 18.66.100(e),statute,AS 18.66.100(e),True,genuine,False,hit,,
doc-0128,AS 18.66.110,statute,AS 18.66.110,True,genuine,False,hit,,
doc-0128,AS 18.66.130(a),statute,AS 18.66.130(a),True,genuine,False,hit,,
doc-0128,Civil Rule 65(b),rule,civ 65(b),True,genuine,False,hit,,
doc-0128,Alaska R. Evid. 404(a),rule,evid 404(a),True,genuine,False,hit,,
doc-0128,Civil Rule 65.1,rule,civ 65.1,True,genuine,False,hit,,
doc-0128,Civil Rule 3(h),rule,civ 3(h),True,genuine,False,hit,,
doc-0128,"Whalen v. Whalen, 425 P.3d 150 (Alaska 2018)",case,425 P.3d 150,True,genuine,False,hit,,
doc-0128,"Sarah D. v. John D., 352 P.3d 419 (Alaska 2015)",case,352 P.3d 419,True,genuine,False,hit,,
doc-0128,"Jmr v. Str, 15 P.3d 253 (Alaska 2001)",case,15 P.3d 253,True,genuine,False,hit,,
doc-0129,AS 18.66.910,statute,AS 18.66.910,False,fabricated_statute,False,hit,,
doc-0129,AS 18.66.922,statute,AS 18.66.922,False,fabricated_statute,False,hit,,
doc-0129,AS 18.66.990(5),statute,AS 18.66.990(5),True,genuine,False,hit,,
doc-0129,AS 18.66.100(b),statute,AS 18.66.100(b),True,genuine,False,hit,,
doc-0129,AS 18.66.100(c),statute,AS 18.66.100(c),True,genuine,False,hit,,
doc-0129,AS 18.66.990(3),statute,AS 18.66.990(3),True,genuine,False,hit,,
doc-0129,AS 18.66.110(a),statute,AS 18.66.110(a),True,genuine,False,hit,,
doc-0129,AS 18.66.100(e),statute,AS 18.66.100(e),True,genuine,False,hit,,
doc-0129,AS 18.66.130(a),statute,AS 18.66.130(a),True,genuine,False,hit,,
doc-0129,AS 18.66.130(e),statute,AS 18.66.130(e),True,genuine,False,hit,,
doc-0129,AS 25.24.140(b),statute,AS 25.24.140(b),True,genuine,False,hit,,
doc-0129,AS 18.66.130(b),statute,AS 18.66.130(b),True,genuine,False,hit,,
doc-0129,AS 18.66.110,statute,AS 18.66.110,True,genuine,False,hit,,
doc-0129,Civil Rule 65(b),rule,civ 65(b),True,genuine,False,hit,,
doc-0129,Civil Rule 100(a),rule,civ 100(a),True,genuine,False,hit,,
doc-0129,"Andrea C. v. Marcus K., 355 P.3d 521 (Alaska 2015)",case,355 P.3d 521,True,genuine,False,hit,,
doc-0129,"Sarah D. v. John D., 352 P.3d 419 (Alaska 2015)",case,352 P.3d 419,True,genuine,False,hit,,
doc-0129,"Jmr v. Str, 15 P.3d 253 (Alaska 2001)",case,15 P.3d 253,True,genuine,False,hit,,
doc-0130,Alaska R. Evid. 986(b),rule,evid 986(b),False,fabricated_rule,False,hit,,
doc-0130,AS 18.66.941,statute,AS 18.66.941,False,fabricated_statute,False,hit,,
doc-0130,AS 18.66.994,statute,AS 18.66.994,False,fabricated_statute,False,hit,,
doc-0130,AS 18.66.100,statute,AS 18.66.100,True,genuine,False,hit,,
doc-0130,AS 18.66.100(e),statute,AS 18.66.100(e),True,genuine,False,hit,,
doc-0130,AS 18.66.100(c),statute,AS 18.66.100(c),True,genuine,False,hit,,
doc-0130,AS 18.66.100(b),statute,AS 18.66.100(b),True,genuine,False,hit,,
doc-0130,AS 18.66.110(a),statute,AS 18.66.110(a),True,genuine,False,hit,,
doc-0130,AS 18.65.520,statute,AS 18.65.520,True,genuine,False,hit,,
doc-0130,AS 25.24.140(d),statute,AS 25.24.140(d),True,genuine,False,hit,,
doc-0130,AS 18.66.130(d),statute,AS 18.66.130(d),True,genuine,False,hit,,
doc-0130,AS 18.66.130(a),statute,AS 18.66.130(a),True,genuine,False,hit,,
doc-0130,Civil Rule 3(h),rule,civ 3(h),True,genuine,False,hit,,
doc-0130,Civil Rule 65.1,rule,civ 65.1,True,genuine,False,hit,,
doc-0130,Civil Rule 100(a),rule,civ 100(a),True,genuine,False,hit,,
doc-0130,Alaska R. Evid. 505(a),rule,evid 505(a),True,genuine,False,hit,,
doc-0130,"Sarah D. v. John D., 352 P.3d 419 (Alaska 2015)",case,352 P.3d 419,True,genuine,False,hit,,
doc-0130,"Whalen v. Whalen, 425 P.3d 150 (Alaska 2018)",case,425 P.3d 150,True,genuine,False,hit,,
doc-0131,AS 18.66.100,statute,AS 18.66.100,True,genuine,False,hit,,
doc-0131,AS 18.66.100(b),statute,AS 18.66.100(b),True,genuine,False,hit,,
doc-0131,AS 18.66.100(c),statute,AS 18.66.100(c),True,genuine,False,hit,,
doc-0131,AS 18.66.110(a),statute,AS 18.66.110(a),True,genuine,False,hit,,
doc-0131,AS 18.66.130(a),statute,AS 18.66.130(a),True,genuine,False,hit,,
doc-0131,AS 18.66.130(e),statute,AS 18.66.130(e),True,genuine,False,hit,,
doc-0131,AS 18.66.100(e),statute,AS 18.66.100(e),True,genuine,False,hit,,
doc-0131,AS 18.66.100(a),statute,AS 18.66.100(a),True,genuine,False,hit,,
doc-0131,AS 18.66.130(b),statute,AS 18.66.130(b),True,genuine,False,hit,,
doc-0131,AS 18.66.990,statute,AS 18.66.990,True,genuine,False,hit,,
doc-0131,AS 18.66.110,statute,AS 18.66.110,True,genuine,False,hit,,
doc-0131,Civil Rule 65.1,rule,civ 65.1,True,genuine,False,hit,,
doc-0131,Civil Rule 3(h),rule,civ 3(h),True,genuine,False,hit,,
doc-0131,Alaska R. Evid. 505(a),rule,evid 505(a),True,genuine,False,hit,,
doc-0131,Alaska R. Evid. 505(b),rule,evid 505(b),True,genuine,False,hit,,
doc-0131,Civil Rule 65(e),rule,civ 65(e),True,genuine,False,hit,,
doc-0131,"Wee v. Eggener, 225 P.3d 1120 (Alaska 2010)",case,225 P.3d 1120,True,genuine,False,hit,,
doc-0131,"Whalen v. Whalen, 425 P.3d 150 (Alaska 2018)",case,425 P.3d 150,True,genuine,False,hit,,
doc-0131,"Veronica Louise Hudson v. Daniel Lee Hudson, 532 P.3d 272 (Alaska 2023)",case,532 P.3d 272,True,genuine,False,hit,,
doc-0131,"Williams v. Barbee, 243 P.3d 995 (Alaska 2010)",case,243 P.3d 995,True,genuine,False,hit,,
doc-0131,"Yelena R. v. George R., 326 P.3d 989 (Alaska 2014)",case,326 P.3d 989,True,genuine,False,hit,,
doc-0131,"Sarah D. v. John D., 352 P.3d 419 (Alaska 2015)",case,352 P.3d 419,True,genuine,False,hit,,
doc-0132,Civil Rule 903(e),rule,civ 903(e),False,fabricated_rule,False,hit,,
doc-0132,"Corbeau v. Dietrich, 505 P.3d 611 (Alaska 2023)",case,505 P.3d 611,False,fabricated_case,False,hit,,
doc-0132,AS 18.66.915,statute,AS 18.66.915,False,fabricated_statute,False,hit,,
doc-0132,AS 18.66.100(b),statute,AS 18.66.100(b),True,genuine,False,hit,,
doc-0132,AS 18.66.100(e),statute,AS 18.66.100(e),True,genuine,False,hit,,
doc-0132,AS 18.66.130(a),statute,AS 18.66.130(a),True,genuine,False,hit,,
doc-0132,AS 18.66.100(c),statute,AS 18.66.100(c),True,genuine,False,hit,,
doc-0132,AS 25.24.060(f),statute,AS 25.24.060(f),True,genuine,False,hit,,
doc-0132,AS 18.66.130(c),statute,AS 18.66.130(c),True,genuine,False,hit,,
doc-0132,AS 25.24.140(b),statute,AS 25.24.140(b),True,genuine,False,hit,,
doc-0132,AS 18.66.130(e),statute,AS 18.66.130(e),True,genuine,False,hit,,
doc-0132,Civil Rule 65.1,rule,civ 65.1,True,genuine,False,hit,,
doc-0132,"Thomas v. Thomas, 171 P.3d 98 (Alaska 2007)",case,171 P.3d 98,True,genuine,False,hit,,
doc-0132,"Parks v. Parks, 214 P.3d 295 (Alaska 2009)",case,214 P.3d 295,True,genuine,False,hit,,
doc-0132,"Williams v. Barbee, 243 P.3d 995 (Alaska 2010)",case,243 P.3d 995,True,genuine,False,hit,,
doc-0132,"Whalen v. Whalen, 425 P.3d 150 (Alaska 2018)",case,425 P.3d 150,True,genuine,False,hit,,
doc-0132,"Stephan P. v. Cecilia A., 464 P.3d 266 (Alaska 2020)",case,464 P.3d 266,True,genuine,False,hit,,
doc-0132,"Fidler v. Fidler, 296 P.3d 11 (Alaska 2013)",case,296 P.3d 11,True,genuine,False,hit,,
doc-0133,AS 18.66.100,statute,AS 18.66.100,True,genuine,False,hit,,
doc-0133,AS 18.66.100(a),statute,AS 18.66.100(a),True,genuine,False,hit,,
doc-0133,AS 18.66.100(b),statute,AS 18.66.100(b),True,genuine,False,hit,,
doc-0133,AS 18.66.100(c),statute,AS 18.66.100(c),True,genuine,False,hit,,
doc-0133,AS 18.66.110(a),statute,AS 18.66.110(a),True,genuine,False,hit,,
doc-0133,AS 18.66.100(e),statute,AS 18.66.100(e),True,genuine,False,hit,,
doc-0133,AS 18.66.130(a),statute,AS 18.66.130(a),True,genuine,False,hit,,
doc-0133,AS 18.66.130(c),statute,AS 18.66.130(c),True,genuine,False,hit,,
doc-0133,Civil Rule 65(b),rule,civ 65(b),True,genuine,False,hit,,
doc-0133,Civil Rule 100(a),rule,civ 100(a),True,genuine,False,hit,,
doc-0133,Civil Rule 65.1,rule,civ 65.1,True,genuine,False,hit,,
doc-0133,Civil Rule 3(h),rule,civ 3(h),True,genuine,False,hit,,
doc-0133,"Whalen v. Whalen, 425 P.3d 150 (Alaska 2018)",case,425 P.3d 150,True,genuine,False,hit,,
doc-0133,"Sarah D. v. John D., 352 P.3d 419 (Alaska 2015)",case,352 P.3d 419,True,genuine,False,hit,,
doc-0134,AS 18.66.964,statute,AS 18.66.964,False,fabricated_statute,False,hit,,
doc-0134,AS 18.66.977,statute,AS 18.66.977,False,fabricated_statute,False,hit,,
doc-0134,AS 18.66.926,statute,AS 18.66.926,False,fabricated_statute,False,hit,,
doc-0134,AS 18.66.100(b),statute,AS 18.66.100(b),True,genuine,False,hit,,
doc-0134,AS 18.66.990(5),statute,AS 18.66.990(5),True,genuine,False,hit,,
doc-0134,AS 18.66.130(e),statute,AS 18.66.130(e),True,genuine,False,hit,,
doc-0134,AS 18.66.100,statute,AS 18.66.100,True,genuine,False,hit,,
doc-0134,AS 18.66.100(e),statute,AS 18.66.100(e),True,genuine,False,hit,,
doc-0134,AS 18.66.130(a),statute,AS 18.66.130(a),True,genuine,False,hit,,
doc-0134,AS 18.66.990,statute,AS 18.66.990,True,genuine,False,hit,,
doc-0134,Civil Rule 3(h),rule,civ 3(h),True,genuine,False,hit,,
doc-0134,Civil Rule 65.1,rule,civ 65.1,True,genuine,False,hit,,
doc-0134,Alaska R. Evid. 505(a),rule,evid 505(a),True,genuine,False,hit,,
doc-0134,Alaska R. Evid. 505(b),rule,evid 505(b),True,genuine,False,hit,,
doc-0134,"Sarah D. v. John D., 352 P.3d 419 (Alaska 2015)",case,352 P.3d 419,True,genuine,False,hit,,
doc-0134,"Veronica Louise Hudson v. Daniel Lee Hudson, 532 P.3d 272 (Alaska 2023)",case,532 P.3d 272,True,genuine,False,hit,,
doc-0134,"Whalen v. Whalen, 425 P.3d 150 (Alaska 2018)",case,425 P.3d 150,True,genuine,False,hit,,
doc-0135,AS 18.66.987,statute,AS 18.66.987,False,fabricated_statute,False,hit,,
doc-0135,AS 18.66.907,statute,AS 18.66.907,False,fabricated_statute,False,hit,,
doc-0135,"Sarah D. v. John D., 807 P.3d 611 (Alaska 2015)",case,807 P.3d 611,False,wrong_reporter,False,hit,,
doc-0135,AS 18.66.100(c),statute,AS 18.66.100(c),True,genuine,False,hit,,
doc-0135,AS 18.66.100(e),statute,AS 18.66.100(e),True,genuine,False,hit,,
doc-0135,AS 18.66.130(a),statute,AS 18.66.130(a),True,genuine,False,hit,,
doc-0135,AS 18.66.130(e),statute,AS 18.66.130(e),True,genuine,False,hit,,
doc-0135,AS 25.24.140(b),statute,AS 25.24.140(b),True,genuine,False,hit,,
doc-0135,AS 18.66.110,statute,AS 18.66.110,True,genuine,False,hit,,
doc-0135,Civil Rule 65.1,rule,civ 65.1,True,genuine,False,hit,,
doc-0135,Civil Rule 3(h),rule,civ 3(h),True,genuine,False,hit,,
doc-0135,Civil Rule 65(e),rule,civ 65(e),True,genuine,False,hit,,
doc-0135,"Thomas v. Thomas, 171 P.3d 98 (Alaska 2007)",case,171 P.3d 98,True,genuine,False,hit,,
doc-0135,"In Whalen v. Whalen, 425 P.3d 150 (Alaska 2018)",case,425 P.3d 150,True,genuine,True,hit,,
doc-0135,"In State v. Strane, 61 P.3d 1284 (Alaska 2003)",case,61 P.3d 1284,True,genuine,True,hit,,
doc-0135,"Jmr v. Str, 15 P.3d 253 (Alaska 2001)",case,15 P.3d 253,True,genuine,False,hit,,
doc-0135,"Whalen v. Whalen, 425 P.3d 150 (Alaska 2018)",case,425 P.3d 150,True,genuine,False,hit,,
doc-0136,AS 18.66.100,statute,AS 18.66.100,True,genuine,False,hit,,
doc-0136,AS 18.66.990(5),statute,AS 18.66.990(5),True,genuine,False,hit,,
doc-0136,AS 18.66.990(3),statute,AS 18.66.990(3),True,genuine,False,hit,,
doc-0136,AS 11.56.807,statute,AS 11.56.807,False,genuine,False,hit,,
doc-0136,AS 18.66.100(a),statute,AS 18.66.100(a),True,genuine,False,hit,,
doc-0136,AS 18.66.100(b),statute,AS 18.66.100(b),True,genuine,False,hit,,
doc-0136,AS 18.66.110(a),statute,AS 18.66.110(a),True,genuine,False,hit,,
doc-0136,AS 18.66.100(c),statute,AS 18.66.100(c),True,genuine,False,hit,,
doc-0136,AS 18.66.100(e),statute,AS 18.66.100(e),True,genuine,False,hit,,
doc-0136,AS 18.66.110(d),statute,AS 18.66.110(d),True,genuine,False,hit,,
doc-0136,AS 25.24.140(b),statute,AS 25.24.140(b),True,genuine,False,hit,,
doc-0136,AS 18.66.130(a),statute,AS 18.66.130(a),True,genuine,False,hit,,
doc-0136,AS 18.66.130(e),statute,AS 18.66.130(e),True,genuine,False,hit,,
doc-0136,AS 18.66.130(c),statute,AS 18.66.130(c),True,genuine,False,hit,,
doc-0136,AS 25.24.140(d),statute,AS 25.24.140(d),True,genuine,False,hit,,
doc-0136,AS 18.66.110,statute,AS 18.66.110,True,genuine,False,hit,,
doc-0136,Civil Rule 65(e),rule,civ 65(e),True,genuine,False,hit,,
doc-0136,Civil Rule 65(b),rule,civ 65(b),True,genuine,False,hit,,
doc-0136,Civil Rule 100(a),rule,civ 100(a),True,genuine,False,hit,,
doc-0136,Civil Rule 65.1,rule,civ 65.1,True,genuine,False,hit,,
doc-0136,Civil Rule 3(h),rule,civ 3(h),True,genuine,False,hit,,
doc-0136,"State v. Gibson, 267 P.3d 645 (Alaska 2012)",case,267 P.3d 645,True,genuine,False,hit,,
doc-0136,"Jacob G. v. Savanah F., 545 P.3d 885 (Alaska 2024)",case,545 P.3d 885,True,genuine,False,hit,,
doc-0136,"Whalen v. Whalen, 425 P.3d 150 (Alaska 2018)",case,425 P.3d 150,True,genuine,False,hit,,
doc-0136,"Sarah D. v. John D., 352 P.3d 419 (Alaska 2015)",case,352 P.3d 419,True,genuine,False,hit,,
doc-0137,AS 18.66.100,statute,AS 18.66.100,True,genuine,False,hit,,
doc-0137,AS 18.66.100(b),statute,AS 18.66.100(b),True,genuine,False,hit,,
doc-0137,AS 18.66.100(c),statute,AS 18.66.100(c),True,genuine,False,hit,,
doc-0137,AS 18.66.110(a),statute,AS 18.66.110(a),True,genuine,False,hit,,
doc-0137,AS 18.66.110,statute,AS 18.66.110,True,genuine,False,hit,,
doc-0137,AS 18.66.100(e),statute,AS 18.66.100(e),True,genuine,False,hit,,
doc-0137,AS 18.66.100(a),statute,AS 18.66.100(a),True,genuine,False,hit,,
doc-0137,AS 18.66.150(d),statute,AS 18.66.150(d),True,genuine,False,hit,,
doc-0137,AS 18.66.130(a),statute,AS 18.66.130(a),True,genuine,False,hit,,
doc-0137,AS 18.66.130(c),statute,AS 18.66.130(c),True,genuine,False,hit,,
doc-0137,Civil Rule 3(h),rule,civ 3(h),True,genuine,False,hit,,
doc-0137,Civil Rule 100(a),rule,civ 100(a),True,genuine,False,hit,,
doc-0137,Alaska R. Evid. 404(a),rule,evid 404(a),True,genuine,False,hit,,
doc-0137,"In Mitchell v. Mitchell, 445 P.3d 660 (Alaska 2019)",case,445 P.3d 660,True,genuine,True,hit,,
doc-0137,"In Andrea C. v. Marcus K., 355 P.3d 521 (Alaska 2015)",case,355 P.3d 521,True,genuine,True,hit,,
doc-0137,"In Thomas v. Thomas, 171 P.3d 98 (Alaska 2007)",case,171 P.3d 98,True,genuine,True,hit,,
doc-0137,"Whalen v. Whalen, 425 P.3d 150 (Alaska 2018)",case,425 P.3d 150,True,genuine,False,hit,,
doc-0137,"McGraw v. Cox, 285 P.3d 276 (Alaska 2012)",case,285 P.3d 276,True,genuine,False,hit,,
doc-0137,"In Jmr v. Str, 15 P.3d 253 (Alaska 2001)",case,15 P.3d 253,True,genuine,True,hit,,
doc-0137,"State v. Strane, 61 P.3d 1284 (Alaska 2003)",case,61 P.3d 1284,True,genuine,False,hit,,
doc-0138,AS 18.66.931,statute,AS 18.66.931,False,fabricated_statute,False,hit,,
doc-0138,AS 18.66.965,statute,AS 18.66.965,False,fabricated_statute,False,hit,,
doc-0138,AS 18.66.100(b),statute,AS 18.66.100(b),True,genuine,False,hit,,
doc-0138,AS 18.66.100(c),statute,AS 18.66.100(c),True,genuine,False,hit,,
doc-0138,AS 18.66.110(a),statute,AS 18.66.110(a),True,genuine,False,hit,,
doc-0138,AS 18.66.100(e),statute,AS 18.66.100(e),True,genuine,False,hit,,
doc-0138,AS 25.24.140(b),statute,AS 25.24.140(b),True,genuine,False,hit,,
doc-0138,AS 18.66.130(c),statute,AS 18.66.130(c),True,genuine,False,hit,,
doc-0138,AS 18.66.180,statute,AS 18.66.180,True,genuine,False,hit,,
doc-0138,Civil Rule 65.1,rule,civ 65.1,True,genuine,False,hit,,
doc-0138,Civil Rule 3(h),rule,civ 3(h),True,genuine,False,hit,,
doc-0138,Civil Rule 100(a),rule,civ 100(a),True,genuine,False,hit,,
doc-0138,"Whalen v. Whalen, 425 P.3d 150 (Alaska 2018)",case,425 P.3d 150,True,genuine,False,hit,,
doc-0138,"Thomas v. Thomas, 171 P.3d 98 (Alaska 2007)",case,171 P.3d 98,True,genuine,False,hit,,
doc-0138,"Sarah D. v. John D., 352 P.3d 419 (Alaska 2015)",case,352 P.3d 419,True,genuine,False,hit,,
doc-0139,AS 18.66.100(b),statute,AS 18.66.100(b),True,genuine,False,hit,,
doc-0139,AS 18.66.100(c),statute,AS 18.66.100(c),True,genuine,False,hit,,
doc-0139,AS 18.66.100(e),statute,AS 18.66.100(e),True,genuine,False,hit,,
doc-0139,AS 18.66.110(a),statute,AS 18.66.110(a),True,genuine,False,hit,,
doc-0139,AS 25.24.140(b),statute,AS 25.24.140(b),True,genuine,False,hit,,
doc-0139,AS 18.66.100,statute,AS 18.66.100,True,genuine,False,hit,,
doc-0139,AS 18.66.110,statute,AS 18.66.110,True,genuine,False,hit,,
doc-0139,AS 18.66.130(a),statute,AS 18.66.130(a),True,genuine,False,hit,,
doc-0139,AS 18.66.130(c),statute,AS 18.66.130(c),True,genuine,False,hit,,
doc-0139,AS 25.24.140(d),statute,AS 25.24.140(d),True,genuine,False,hit,,
doc-0139,AS 18.66.990,statute,AS 18.66.990,True,genuine,False,hit,,
doc-0139,Civil Rule 65(b),rule,civ 65(b),True,genuine,False,hit,,
doc-0139,Civil Rule 3(h),rule,civ 3(h),True,genuine,False,hit,,
doc-0139,Civil Rule 65.1,rule,civ 65.1,True,genuine,False,hit,,
doc-0139,Civil Rule 100(a),rule,civ 100(a),True,genuine,False,hit,,
doc-0139,Alaska R. Evid. 505(a),rule,evid 505(a),True,genuine,False,hit,,
doc-0139,Alaska R. Evid. 505(b),rule,evid 505(b),True,genuine,False,hit,,
doc-0139,"Sarah D. v. John D., 352 P.3d 419 (Alaska 2015)",case,352 P.3d 419,True,genuine,False,hit,,
doc-0139,"Whalen v. Whalen, 425 P.3d 150 (Alaska 2018)",case,425 P.3d 150,True,genuine,False,hit,,
doc-0140,Civil Rule 951,rule,civ 951,False,fabricated_rule,False,hit,,
doc-0140,AS 18.66.110,statute,AS 18.66.110,True,genuine,False,hit,,
doc-0140,AS 18.66.100,statute,AS 18.66.100,True,genuine,False,hit,,
doc-0140,AS 18.66.110(a),statute,AS 18.66.110(a),True,genuine,False,hit,,
doc-0140,AS 18.66.100(b),statute,AS 18.66.100(b),True,genuine,False,hit,,
doc-0140,AS 18.66.100(c),statute,AS 18.66.100(c),True,genuine,False,hit,,
doc-0140,AS 25.24.140(b),statute,AS 25.24.140(b),True,genuine,False,hit,,
doc-0140,AS 18.66.100(e),statute,AS 18.66.100(e),True,genuine,False,hit,,
doc-0140,AS 18.66.130(a),statute,AS 18.66.130(a),True,genuine,False,hit,,
doc-0140,AS 18.66.130(e),statute,AS 18.66.130(e),True,genuine,False,hit,,
doc-0140,AS 18.66.130(c),statute,AS 18.66.130(c),True,genuine,False,hit,,
doc-0140,AS 18.66.130(d),statute,AS 18.66.130(d),True,genuine,False,hit,,
doc-0140,Civil Rule 65(b),rule,civ 65(b),True,genuine,False,hit,,
doc-0140,Civil Rule 65(e),rule,civ 65(e),True,genuine,False,hit,,
doc-0140,Civil Rule 3(h),rule,civ 3(h),True,genuine,False,hit,,
doc-0140,Civil Rule 100(a),rule,civ 100(a),True,genuine,False,hit,,
doc-0140,"In Thomas v. Thomas, 171 P.3d 98 (Alaska 2007)",case,171 P.3d 98,True,genuine,True,hit,,
doc-0140,"In Stephan P. v. Cecilia A., 464 P.3d 266 (Alaska 2020)",case,464 P.3d 266,True,genuine,True,hit,,
doc-0140,"Yelena R. v. George R., 326 P.3d 989 (Alaska 2014)",case,326 P.3d 989,True,genuine,False,hit,,
doc-0140,"Thomas v. Thomas, 171 P.3d 98 (Alaska 2007)",case,171 P.3d 98,True,genuine,False,hit,,
doc-0140,"In Yelena R. v. George R., 326 P.3d 989 (Alaska 2014)",case,326 P.3d 989,True,genuine,True,hit,,
doc-0140,"Sarah D. v. John D., 352 P.3d 419 (Alaska 2015)",case,352 P.3d 419,True,genuine,False,hit,,
doc-0140,"In Limeres v. Limeres, 320 P.3d 291 (Alaska 2014)",case,320 P.3d 291,True,genuine,True,hit,,
doc-0141,"Whalen v. Whalen, 810 P.3d 843 (Alaska 2018)",case,810 P.3d 843,False,wrong_reporter,False,hit,,
doc-0141,AS 18.66.982,statute,AS 18.66.982,False,fabricated_statute,False,hit,,
doc-0141,AS 18.66.920,statute,AS 18.66.920,False,fabricated_statute,False,hit,,
doc-0141,AS 18.66.100(b),statute,AS 18.66.100(b),True,genuine,False,hit,,
doc-0141,AS 18.66.110(a),statute,AS 18.66.110(a),True,genuine,False,hit,,
doc-0141,AS 18.66.100,statute,AS 18.66.100,True,genuine,False,hit,,
doc-0141,AS 18.66.110,statute,AS 18.66.110,True,genuine,False,hit,,
doc-0141,AS 18.66.130(a),statute,AS 18.66.130(a),True,genuine,False,hit,,
doc-0141,AS 18.66.130(e),statute,AS 18.66.130(e),True,genuine,False,hit,,
doc-0141,AS 25.24.140(b),statute,AS 25.24.140(b),True,genuine,False,hit,,
doc-0141,AS 18.66.100(e),statute,AS 18.66.100(e),True,genuine,False,hit,,
doc-0141,AS 18.66.130(c),statute,AS 18.66.130(c),True,genuine,False,hit,,
doc-0141,AS 25.24.140(d),statute,AS 25.24.140(d),True,genuine,False,hit,,
doc-0141,Civil Rule 3(h),rule,civ 3(h),True,genuine,False,hit,,
doc-0141,Civil Rule 65.1,rule,civ 65.1,True,genuine,False,hit,,
doc-0141,Civil Rule 65(b),rule,civ 65(b),True,genuine,False,hit,,
doc-0141,"Stephan P. v. Cecilia A., 464 P.3d 266 (Alaska 2020)",case,464 P.3d 266,True,genuine,False,hit,,
doc-0141,"State v. Strane, 61 P.3d 1284 (Alaska 2003)",case,61 P.3d 1284,True,genuine,False,hit,,
doc-0141,"Thomas E. Jordan v. Cheryl A. Jordan, 480 P.3d 626 (Alaska 2021)",case,480 P.3d 626,True,genuine,False,hit,,
doc-0142,AS 18.66.100,statute,AS 18.66.100,True,genuine,False,hit,,
doc-0142,AS 18.66.100(b),statute,AS 18.66.100(b),True,genuine,False,hit,,
doc-0142,AS 18.66.100(c),statute,AS 18.66.100(c),True,genuine,False,hit,,
doc-0142,AS 25.24.150(c),statute,AS 25.24.150(c),True,genuine,False,hit,,
doc-0142,AS 18.66.100(e),statute,AS 18.66.100(e),True,genuine,False,hit,,
doc-0142,AS 18.66.130(a),statute,AS 18.66.130(a),True,genuine,False,hit,,
doc-0142,AS 25.24.140(b),statute,AS 25.24.140(b),True,genuine,False,hit,,
doc-0142,AS 18.66.130(b),statute,AS 18.66.130(b),True,genuine,False,hit,,
doc-0142,AS 25.24.150(g),statute,AS 25.24.150(g),True,genuine,False,hit,,
doc-0142,AS 25.24.150(h),statute,AS 25.24.150(h),True,genuine,False,hit,,
doc-0142,AS 25.24.150(j),statute,AS 25.24.150(j),True,genuine,False,hit,,
doc-0142,AS 25.24.150(k),statute,AS 25.24.150(k),True,genuine,False,hit,,
doc-0142,AS 25.24.060(f),statute,AS 25.24.060(f),True,genuine,False,hit,,
doc-0142,AS 25.24.140(d),statute,AS 25.24.140(d),True,genuine,False,hit,,
doc-0142,AS 25.24.150,statute,AS 25.24.150,True,genuine,False,hit,,
doc-0142,Civil Rule 100(a),rule,civ 100(a),True,genuine,False,hit,,
doc-0142,Civil Rule 65.1,rule,civ 65.1,True,genuine,False,hit,,
doc-0142,Civil Rule 65(e),rule,civ 65(e),True,genuine,False,hit,,
doc-0142,"Thomas v. Thomas, 171 P.3d 98 (Alaska 2007)",case,171 P.3d 98,True,genuine,False,hit,,
doc-0142,"Whalen v. Whalen, 425 P.3d 150 (Alaska 2018)",case,425 P.3d 150,True,genuine,False,hit,,
doc-0142,"Cooper v. Cooper, 144 P.3d 451 (Alaska 2006)",case,144 P.3d 451,True,genuine,False,hit,,
doc-0142,"Misyura v. Misyura, 242 P.3d 1037 (Alaska 2010)",case,242 P.3d 1037,True,genuine,False,hit,,
doc-0143,AS 18.66.910,statute,AS 18.66.910,False,fabricated_statute,False,hit,,
doc-0143,Civil Rule 970(h),rule,civ 970(h),False,fabricated_rule,False,hit,,
doc-0143,AS 18.66.982,statute,AS 18.66.982,False,fabricated_statute,False,hit,,
doc-0143,AS 18.66.100(b),statute,AS 18.66.100(b),True,genuine,False,hit,,
doc-0143,AS 18.66.100(c),statute,AS 18.66.100(c),True,genuine,False,hit,,
doc-0143,AS 18.66.100(e),statute,AS 18.66.100(e),True,genuine,False,hit,,
doc-0143,AS 25.24.140(b),statute,AS 25.24.140(b),True,genuine,False,hit,,
doc-0143,AS 18.66.110(a),statute,AS 18.66.110(a),True,genuine,False,hit,,
doc-0143,AS 18.66.110(b),statute,AS 18.66.110(b),True,genuine,False,hit,,
doc-0143,AS 18.66.110,statute,AS 18.66.110,True,genuine,False,hit,,
doc-0143,Alaska R. Evid. 404(b),rule,evid 404(b),True,genuine,False,hit,,
doc-0143,Civil Rule 65.1,rule,civ 65.1,True,genuine,False,hit,,
doc-0143,"Thomas v. Thomas, 171 P.3d 98 (Alaska 2007)",case,171 P.3d 98,True,genuine,False,hit,,
doc-0143,"Ruerup v. Ruerup, 408 P.3d 1203 (Alaska 2018)",case,408 P.3d 1203,True,genuine,False,hit,,
doc-0143,"Limeres v. Limeres, 320 P.3d 291 (Alaska 2014)",case,320 P.3d 291,True,genuine,False,hit,,
doc-0143,"Stephan P. v. Cecilia A., 464 P.3d 266 (Alaska 2020)",case,464 P.3d 266,True,genuine,False,hit,,
doc-0143,"Sarah D. v. John D., 352 P.3d 419 (Alaska 2015)",case,352 P.3d 419,True,genuine,False,hit,,
doc-0144,AS 18.66.100(b),statute,AS 18.66.100(b),True,genuine,False,hit,,
doc-0144,AS 18.66.100(c),statute,AS 18.66.100(c),True,genuine,False,hit,,
doc-0144,AS 18.66.110(a),statute,AS 18.66.110(a),True,genuine,False,hit,,
doc-0144,AS 18.66.100,statute,AS 18.66.100,True,genuine,False,hit,,
doc-0144,AS 18.66.100(a),statute,AS 18.66.100(a),True,genuine,False,hit,,
doc-0144,AS 18.66.100(e),statute,AS 18.66.100(e),True,genuine,False,hit,,
doc-0144,AS 25.24.140(b),statute,AS 25.24.140(b),True,genuine,False,hit,,
doc-0144,AS 18.66.130(a),statute,AS 18.66.130(a),True,genuine,False,hit,,
doc-0144,AS 18.66.130(b),statute,AS 18.66.130(b),True,genuine,False,hit,,
doc-0144,AS 18.66.130(c),statute,AS 18.66.130(c),True,genuine,False,hit,,
doc-0144,Civil Rule 65(b),rule,civ 65(b),True,genuine,False,hit,,
doc-0144,Civil Rule 100(a),rule,civ 100(a),True,genuine,False,hit,,
doc-0144,Civil Rule 65.1,rule,civ 65.1,True,genuine,False,hit,,
doc-0144,Civil Rule 3(h),rule,civ 3(h),True,genuine,False,hit,,
doc-0144,"Wee v. Eggener, 225 P.3d 1120 (Alaska 2010)",case,225 P.3d 1120,True,genuine,False,hit,,
doc-0144,"Whalen v. Whalen, 425 P.3d 150 (Alaska 2018)",case,425 P.3d 150,True,genuine,False,hit,,
doc-0144,"Cooper v. Cooper, 144 P.3d 451 (Alaska 2006)",case,144 P.3d 451,True,genuine,False,hit,,
doc-0145,AS 18.66.964,statute,AS 18.66.964,False,fabricated_statute,False,hit,,
doc-0145,Civil Rule 933,rule,civ 933,False,fabricated_rule,False,hit,,
doc-0145,AS 18.66.990(5),statute,AS 18.66.990(5),True,genuine,False,hit,,
doc-0145,AS 18.66.990(3),statute,AS 18.66.990(3),True,genuine,False,hit,,
doc-0145,AS 18.66.100(a),statute,AS 18.66.100(a),True,genuine,False,hit,,
doc-0145,AS 18.66.100(b),statute,AS 18.66.100(b),True,genuine,False,hit,,
doc-0145,AS 18.66.100,statute,AS 18.66.100,True,genuine,False,hit,,
doc-0145,AS 25.24.140(b),statute,AS 25.24.140(b),True,genuine,False,hit,,
doc-0145,AS 18.66.110,statute,AS 18.66.110,True,genuine,False,hit,,
doc-0145,AS 18.66.100(e),statute,AS 18.66.100(e),True,genuine,False,hit,,
doc-0145,AS 18.66.130(a),statute,AS 18.66.130(a),True,genuine,False,hit,,
doc-0145,AS 18.66.130(b),statute,AS 18.66.130(b),True,genuine,False,hit,,
doc-0145,Civil Rule 3(h),rule,civ 3(h),True,genuine,False,hit,,
doc-0145,"Whalen v. Whalen, 425 P.3d 150 (Alaska 2018)",case,425 P.3d 150,True,genuine,False,hit,,
doc-0145,"Sarah D. v. John D., 352 P.3d 419 (Alaska 2015)",case,352 P.3d 419,True,genuine,False,hit,,
doc-0145,"Thomas E. Jordan v. Cheryl A. Jordan, 480 P.3d 626 (Alaska 2021)",case,480 P.3d 626,True,genuine,False,hit,,
doc-0145,"Cooper v. Cooper, 144 P.3d 451 (Alaska 2006)",case,144 P.3d 451,True,genuine,False,hit,,
doc-0145,"Wee v. Eggener, 225 P.3d 1120 (Alaska 2010)",case,225 P.3d 1120,True,genuine,False,hit,,
doc-0146,AS 18.66.920,statute,AS 18.66.920,False,fabricated_statute,False,hit,,
doc-0146,AS 18.66.942,statute,AS 18.66.942,False,fabricated_statute,False,hit,,
doc-0146,AS 18.66.944,statute,AS 18.66.944,False,fabricated_statute,False,hit,,
doc-0146,AS 18.66.100(e),statute,AS 18.66.100(e),True,genuine,False,hit,,
doc-0146,AS 18.66.110(a),statute,AS 18.66.110(a),True,genuine,False,hit,,
doc-0146,AS 18.66.130(a),statute,AS 18.66.130(a),True,genuine,False,hit,,
doc-0146,AS 18.66.130(c),statute,AS 18.66.130(c),True,genuine,False,hit,,
doc-0146,Civil Rule 65(b),rule,civ 65(b),True,genuine,False,hit,,
doc-0146,Civil Rule 100(a),rule,civ 100(a),True,genuine,False,hit,,
doc-0146,Civil Rule 65.1,rule,civ 65.1,True,genuine,False,hit,,
doc-0146,Civil Rule 3(h),rule,civ 3(h),True,genuine,False,hit,,
doc-0146,"In Thomas v. Thomas, 171 P.3d 98 (Alaska 2007)",case,171 P.3d 98,True,genuine,True,hit,,
doc-0146,"Thomas v. Thomas, 171 P.3d 98 (Alaska 2007)",case,171 P.3d 98,True,genuine,False,hit,,
doc-0146,"In State v. Strane, 61 P.3d 1284 (Alaska 2003)",case,61 P.3d 1284,True,genuine,True,hit,,
doc-0146,"Whalen v. Whalen, 425 P.3d 150 (Alaska 2018)",case,425 P.3d 150,True,genuine,False,hit,,
doc-0147,AS 18.66.100,statute,AS 18.66.100,True,genuine,False,hit,,
doc-0147,AS 18.66.100(b),statute,AS 18.66.100(b),True,genuine,False,hit,,
doc-0147,AS 18.66.100(c),statute,AS 18.66.100(c),True,genuine,False,hit,,
doc-0147,AS 18.66.110(a),statute,AS 18.66.110(a),True,genuine,False,hit,,
doc-0147,AS 18.66.100(e),statute,AS 18.66.100(e),True,genuine,False,hit,,
doc-0147,AS 18.66.100(a),statute,AS 18.66.100(a),True,genuine,False,hit,,
doc-0147,AS 25.24.140(b),statute,AS 25.24.140(b),True,genuine,False,hit,,
doc-0147,AS 25.24.140(d),statute,AS 25.24.140(d),True,genuine,False,hit,,
doc-0147,Civil Rule 65(b),rule,civ 65(b),True,genuine,False,hit,,
doc-0147,Civil Rule 65.1,rule,civ 65.1,True,genuine,False,hit,,
doc-0147,Civil Rule 3(h),rule,civ 3(h),True,genuine,False,hit,,
doc-0147,Civil Rule 100(a),rule,civ 100(a),True,genuine,False,hit,,
doc-0147,"In Yelena R. v. George R., 326 P.3d 989 (Alaska 2014)",case,326 P.3d 989,True,genuine,True,hit,,
doc-0147,"In Williams v. Barbee, 243 P.3d 995 (Alaska 2010)",case,243 P.3d 995,True,genuine,True,hit,,
doc-0147,"In Whalen v. Whalen, 425 P.3d 150 (Alaska 2018)",case,425 P.3d 150,True,genuine,True,hit,,
doc-0147,"Sarah D. v. John D., 352 P.3d 419 (Alaska 2015)",case,352 P.3d 419,True,genuine,False,hit,,
doc-0148,AS 18.66.100,statute,AS 18.66.100,True,genuine,False,hit,,
doc-0148,AS 18.66.100(c),statute,AS 18.66.100(c),True,genuine,False,hit,,
doc-0148,AS 18.66.110,statute,AS 18.66.110,True,genuine,False,hit,,
doc-0148,AS 18.66.100(b),statute,AS 18.66.100(b),True,genuine,False,hit,,
doc-0148,AS 25.24.140(b),statute,AS 25.24.140(b),True,genuine,False,hit,,
doc-0148,AS 18.66.130(a),statute,AS 18.66.130(a),True,genuine,False,hit,,
doc-0148,AS 18.66.130(d),statute,AS 18.66.130(d),True,genuine,False,hit,,
doc-0148,AS 18.66.130(e),statute,AS 18.66.130(e),True,genuine,False,hit,,
doc-0148,AS 18.66.130(c),statute,AS 18.66.130(c),True,genuine,False,hit,,
doc-0148,AS 25.24.140(d),statute,AS 25.24.140(d),True,genuine,False,hit,,
doc-0148,AS 25.24.060(f),statute,AS 25.24.060(f),True,genuine,False,hit,,
doc-0148,AS 18.66.990,statute,AS 18.66.990,True,genuine,False,hit,,
doc-0148,Civil Rule 3(h),rule,civ 3(h),True,genuine,False,hit,,
doc-0148,Civil Rule 65.1,rule,civ 65.1,True,genuine,False,hit,,
doc-0148,Civil Rule 100(a),rule,civ 100(a),True,genuine,False,hit,,
doc-0148,Civil Rule 65(e),rule,civ 65(e),True,genuine,False,hit,,
doc-0148,Alaska R. Evid. 505(b),rule,evid 505(b),True,genuine,False,hit,,
doc-0148,Alaska R. Evid. 505(a),rule,evid 505(a),True,genuine,False,hit,,
doc-0148,"In Whalen v. Whalen, 425 P.3d 150 (Alaska 2018)",case,425 P.3d 150,True,genuine,True,hit,,
doc-0148,"In Stephan P. v. Cecilia A., 464 P.3d 266 (Alaska 2020)",case,464 P.3d 266,True,genuine,True,hit,,
doc-0148,"In Andrea C. v. Marcus K., 355 P.3d 521 (Alaska 2015)",case,355 P.3d 521,True,genuine,True,hit,,
doc-0148,"Stephan P. v. Cecilia A., 464 P.3d 266 (Alaska 2020)",case,464 P.3d 266,True,genuine,False,hit,,
doc-0148,"Whalen v. Whalen, 425 P.3d 150 (Alaska 2018)",case,425 P.3d 150,True,genuine,False,hit,,
doc-0149,AS 18.66.965,statute,AS 18.66.965,False,fabricated_statute,False,hit,,
doc-0149,AS 18.66.908,statute,AS 18.66.908,False,fabricated_statute,False,hit,,
doc-0149,AS 18.66.100(b),statute,AS 18.66.100(b),True,genuine,False,hit,,
doc-0149,AS 18.66.100(c),statute,AS 18.66.100(c),True,genuine,False,hit,,
doc-0149,AS 18.66.110(a),statute,AS 18.66.110(a),True,genuine,False,hit,,
doc-0149,AS 18.66.100(e),statute,AS 18.66.100(e),True,genuine,False,hit,,
doc-0149,AS 18.66.110(d),statute,AS 18.66.110(d),True,genuine,False,hit,,
doc-0149,AS 18.66.130(a),statute,AS 18.66.130(a),True,genuine,False,hit,,
doc-0149,AS 18.66.130(c),statute,AS 18.66.130(c),True,genuine,False,hit,,
doc-0149,Civil Rule 65(b),rule,civ 65(b),True,genuine,False,hit,,
doc-0149,Civil Rule 65.1,rule,civ 65.1,True,genuine,False,hit,,
doc-0149,Civil Rule 100(a),rule,civ 100(a),True,genuine,False,hit,,
doc-0149,Civil Rule 65(e),rule,civ 65(e),True,genuine,False,hit,,
doc-0149,"In Williams v. Barbee, 243 P.3d 995 (Alaska 2010)",case,243 P.3d 995,True,genuine,True,hit,,
doc-0149,"In Whalen v. Whalen, 425 P.3d 150 (Alaska 2018)",case,425 P.3d 150,True,genuine,True,hit,,
doc-0149,"Sarah D. v. John D., 352 P.3d 419 (Alaska 2015)",case,352 P.3d 419,True,genuine,False,hit,,
doc-0149,"Thomas v. Thomas, 171 P.3d 98 (Alaska 2007)",case,171 P.3d 98,True,genuine,False,hit,,
doc-0150,AS 18.66.100,statute,AS 18.66.100,True,genuine,False,hit,,
doc-0150,AS 18.66.110,statute,AS 18.66.110,True,genuine,False,hit,,
doc-0150,AS 18.66.100(b),statute,AS 18.66.100(b),True,genuine,False,hit,,
doc-0150,AS 18.66.100(c),statute,AS 18.66.100(c),True,genuine,False,hit,,
doc-0150,AS 18.66.110(a),statute,AS 18.66.110(a),True,genuine,False,hit,,
doc-0150,AS 25.24.140(b),statute,AS 25.24.140(b),True,genuine,False,hit,,
doc-0150,AS 18.66.180,statute,AS 18.66.180,True,genuine,False,hit,,
doc-0150,AS 18.66.100(e),statute,AS 18.66.100(e),True,genuine,False,hit,,
doc-0150,AS 18.65.520(a),statute,AS 18.65.520(a),True,genuine,False,hit,,
doc-0150,Civil Rule 3(h),rule,civ 3(h),True,genuine,False,hit,,
doc-0150,Civil Rule 65(b),rule,civ 65(b),True,genuine,False,hit,,
doc-0150,Civil Rule 65(e),rule,civ 65(e),True,genuine,False,hit,,
doc-0150,Alaska R. Evid. 505(a),rule,evid 505(a),True,genuine,False,hit,,
doc-0150,Alaska R. Evid. 505(b),rule,evid 505(b),True,genuine,False,hit,,
doc-0150,Civil Rule 65.1,rule,civ 65.1,True,genuine,False,hit,,
doc-0150,"In Sarah D. v. John D., 352 P.3d 419 (Alaska 2015)",case,352 P.3d 419,True,genuine,True,hit,,
doc-0150,"In Williams v. Barbee, 243 P.3d 995 (Alaska 2010)",case,243 P.3d 995,True,genuine,True,hit,,
doc-0150,"In Thomas v. Thomas, 171 P.3d 98 (Alaska 2007)",case,171 P.3d 98,True,genuine,True,hit,,
doc-0150,"Thomas E. Jordan v. Cheryl A. Jordan, 480 P.3d 626 (Alaska 2021)",case,480 P.3d 626,True,genuine,False,hit,,
doc-0150,"Whalen v. Whalen, 425 P.3d 150 (Alaska 2018)",case,425 P.3d 150,True,genuine,False,hit,,
doc-0150,"Veronica Louise Hudson v. Daniel Lee Hudson, 532 P.3d 272 (Alaska 2023)",case,532 P.3d 272,True,genuine,False,hit,,
doc-0151,AS 18.66.904,statute,AS 18.66.904,False,fabricated_statute,False,hit,,
doc-0151,AS 18.66.999,statute,AS 18.66.999,False,fabricated_statute,False,lenient_hit,subsection differs,
doc-0151,"Onslow v. Brackeen, 348 P.3d 770 (Alaska 2018)",case,348 P.3d 770,False,fabricated_case,False,hit,,
doc-0151,AS 18.66.100,statute,AS 18.66.100,True,genuine,False,hit,,
doc-0151,AS 18.66.100(b),statute,AS 18.66.100(b),True,genuine,False,hit,,
doc-0151,AS 18.66.100(e),statute,AS 18.66.100(e),True,genuine,False,hit,,
doc-0151,AS 18.66.130(a),statute,AS 18.66.130(a),True,genuine,False,hit,,
doc-0151,AS 18.66.130(c),statute,AS 18.66.130(c),True,genuine,False,hit,,
doc-0151,AS 25.24.140(d),statute,AS 25.24.140(d),True,genuine,False,hit,,
doc-0151,AS 18.66.990,statute,AS 18.66.990,True,genuine,False,hit,,
doc-0151,AS 25.24.140,statute,AS 25.24.140,True,genuine,False,hit,,
doc-0151,AS 25.24.140(b),statute,AS 25.24.140(b),True,genuine,False,hit,,
doc-0151,Civil Rule 3(h),rule,civ 3(h),True,genuine,False,hit,,
doc-0151,Civil Rule 100(a),rule,civ 100(a),True,genuine,False,hit,,
doc-0151,Civil Rule 65.1,rule,civ 65.1,True,genuine,False,hit,,
doc-0151,Alaska R. Evid. 505(a),rule,evid 505(a),True,genuine,False,hit,,
doc-0151,Alaska R. Evid. 505(b),rule,evid 505(b),True,genuine,False,hit,,
doc-0151,"In Stephan P. v. Cecilia A., 464 P.3d 266 (Alaska 2020)",case,464 P.3d 266,True,genuine,True,hit,,
doc-0151,"In Williams v. Barbee, 243 P.3d 995 (Alaska 2010)",case,243 P.3d 995,True,genuine,True,hit,,
doc-0151,"Stephan P. v. Cecilia A., 464 P.3d 266 (Alaska 2020)",case,464 P.3d 266,True,genuine,False,hit,,
doc-0151,"Williams v. Barbee, 243 P.3d 995 (Alaska 2010)",case,243 P.3d 995,True,genuine,False,hit,,
doc-0151,"Andrea C. v. Marcus K., 355 P.3d 521 (Alaska 2015)",case,355 P.3d 521,True,genuine,False,hit,,
doc-0152,AS 25.24.910,statute,AS 25.24.910,False,fabricated_statute,False,hit,,
doc-0152,AS 18.66.956,statute,AS 18.66.956,False,fabricated_statute,False,lenient_hit,subsection differs,
doc-0152,Civil Rule 942,rule,civ 942,False,fabricated_rule,False,hit,,
doc-0152,AS 18.66.100(b),statute,AS 18.66.100(b),True,genuine,False,hit,,
doc-0152,AS 18.66.110(a),statute,AS 18.66.110(a),True,genuine,False,hit,,
doc-0152,AS 18.66.100,statute,AS 18.66.100,True,genuine,False,hit,,
doc-0152,AS 18.66.180,statute,AS 18.66.180,True,genuine,False,hit,,
doc-0152,AS 18.66.130(a),statute,AS 18.66.130(a),True,genuine,False,hit,,
doc-0152,AS 18.66.130(c),statute,AS 18.66.130(c),True,genuine,False,hit,,
doc-0152,AS 18.66.110,statute,AS 18.66.110,True,genuine,False,hit,,
doc-0152,Civil Rule 65(b),rule,civ 65(b),True,genuine,False,hit,,
doc-0152,Civil Rule 100(a),rule,civ 100(a),True,genuine,False,hit,,
doc-0152,Civil Rule 65(e),rule,civ 65(e),True,genuine,False,hit,,
doc-0152,"Whalen v. Whalen, 425 P.3d 150 (Alaska 2018)",case,425 P.3d 150,True,genuine,False,hit,,
doc-0152,"Andrea C. v. Marcus K., 355 P.3d 521 (Alaska 2015)",case,355 P.3d 521,True,genuine,False,hit,,
doc-0152,"Thomas v. Thomas, 171 P.3d 98 (Alaska 2007)",case,171 P.3d 98,True,genuine,False,hit,,
doc-0152,"Sarah D. v. John D., 352 P.3d 419 (Alaska 2015)",case,352 P.3d 419,True,genuine,False,hit,,
doc-0152,"State v. Strane, 61 P.3d 1284 (Alaska 2003)",case,61 P.3d 1284,True,genuine,False,hit,,
doc-0153,AS 18.66.961,statute,AS 18.66.961,False,fabricated_statute,False,hit,,
doc-0153,AS 18.66.925,statute,AS 18.66.925,False,fabricated_statute,False,hit,,
doc-0153,Alaska R. Evid. 907(a),rule,evid 907(a),False,fabricated_rule,False,hit,,
doc-0153,AS 18.66.100,statute,AS 18.66.100,True,genuine,False,hit,,
doc-0153,AS 18.66.100(b),statute,AS 18.66.100(b),True,genuine,False,hit,,
doc-0153,AS 18.66.130(a),statute,AS 18.66.130(a),True,genuine,False,hit,,
doc-0153,AS 18.66.130(e),statute,AS 18.66.130(e),True,genuine,False,hit,,
doc-0153,AS 18.66.130(c),statute,AS 18.66.130(c),True,genuine,False,hit,,
doc-0153,Civil Rule 3(h),rule,civ 3(h),True,genuine,False,hit,,
doc-0153,Civil Rule 65.1,rule,civ 65.1,True,genuine,False,hit,,
doc-0153,"In Wee v. Eggener, 225 P.3d 1120 (Alaska 2010)",case,225 P.3d 1120,True,genuine,True,hit,,
doc-0153,"In Whalen v. Whalen, 425 P.3d 150 (Alaska 2018)",case,425 P.3d 150,True,genuine,True,hit,,
doc-0153,"Stephan P. v. Cecilia A., 464 P.3d 266 (Alaska 2020)",case,464 P.3d 266,True,genuine,False,hit,,
doc-0153,"Sarah D. v. John D., 352 P.3d 419 (Alaska 2015)",case,352 P.3d 419,True,genuine,False,hit,,
doc-0153,"In Thomas v. Thomas, 171 P.3d 98 (Alaska 2007)",case,171 P.3d 98,True,genuine,True,hit,,
doc-0154,AS 18.66.962,statute,AS 18.66.962,False,fabricated_statute,False,hit,,
doc-0154,AS 18.66.932,statute,AS 18.66.932,False,fabricated_statute,False,hit,,
doc-0154,AS 18.66.994,statute,AS 18.66.994,False,fabricated_statute,False,hit,,
doc-0154,AS 18.66.100(b),statute,AS 18.66.100(b),True,genuine,False,hit,,
doc-0154,AS 18.66.990(3),statute,AS 18.66.990(3),True,genuine,False,hit,,
doc-0154,AS 18.66.990(5),statute,AS 18.66.990(5),True,genuine,False,hit,,
doc-0154,AS 18.66.100(e),statute,AS 18.66.100(e),True,genuine,False,hit,,
doc-0154,AS 18.66.130(e),statute,AS 18.66.130(e),True,genuine,False,hit,,
doc-0154,AS 18.66.110(a),statute,AS 18.66.110(a),True,genuine,False,hit,,
doc-0154,Civil Rule 3(h),rule,civ 3(h),True,genuine,False,hit,,
doc-0154,Civil Rule 65.1,rule,civ 65.1,True,genuine,False,hit,,
doc-0154,"Whalen v. Whalen, 425 P.3d 150 (Alaska 2018)",case,425 P.3d 150,True,genuine,False,hit,,
doc-0154,"Cooper v. Cooper, 144 P.3d 451 (Alaska 2006)",case,144 P.3d 451,True,genuine,False,hit,,
doc-0155,AS 18.66.100,statute,AS 18.66.100,True,genuine,False,hit,,
doc-0155,AS 18.66.990(5),statute,AS 18.66.990(5),True,genuine,False,hit,,
doc-0155,AS 18.66.990(3),statute,AS 18.66.990(3),True,genuine,False,hit,,
doc-0155,AS 18.66.100(b),statute,AS 18.66.100(b),True,genuine,False,hit,,
doc-0155,AS 18.66.100(c),statute,AS 18.66.100(c),True,genuine,False,hit,,
doc-0155,AS 18.66.100(a),statute,AS 18.66.100(a),True,genuine,False,hit,,
doc-0155,AS 18.66.100(e),statute,AS 18.66.100(e),True,genuine,False,hit,,
doc-0155,AS 25.24.060(f),statute,AS 25.24.060(f),True,genuine,False,hit,,
doc-0155,AS 18.66.990,statute,AS 18.66.990,True,genuine,False,hit,,
doc-0155,Civil Rule 3(h),rule,civ 3(h),True,genuine,False,hit,,
doc-0155,Civil Rule 65.1,rule,civ 65.1,True,genuine,False,hit,,
doc-0155,Civil Rule 100(a),rule,civ 100(a),True,genuine,False,hit,,
doc-0155,Alaska R. Evid. 505(a),rule,evid 505(a),True,genuine,False,hit,,
doc-0155,"Sarah D. v. John D., 352 P.3d 419 (Alaska 2015)",case,352 P.3d 419,True,genuine,False,hit,,
doc-0155,"Thomas v. Thomas, 171 P.3d 98 (Alaska 2007)",case,171 P.3d 98,True,genuine,False,hit,,
doc-0155,"John E. v. Andrea E., 445 P.3d 649 (Alaska 2019)",case,445 P.3d 649,True,genuine,False,hit,,
doc-0155,"Yelena R. v. George R., 326 P.3d 989 (Alaska 2014)",case,326 P.3d 989,True,genuine,False,hit,,
doc-0155,"Whalen v. Whalen, 425 P.3d 150 (Alaska 2018)",case,425 P.3d 150,True,genuine,False,hit,,
doc-0156,AS 18.66.100,statute,AS 18.66.100,True,genuine,False,hit,,
doc-0156,AS 18.66.100(b),statute,AS 18.66.100(b),True,genuine,False,hit,,
doc-0156,AS 18.66.100(c),statute,AS 18.66.100(c),True,genuine,False,hit,,
doc-0156,AS 18.66.110(a),statute,AS 18.66.110(a),True,genuine,False,hit,,
doc-0156,AS 18.66.100(d),statute,AS 18.66.100(d),True,genuine,False,hit,,
doc-0156,AS 18.66.130(a),statute,AS 18.66.130(a),True,genuine,False,hit,,
doc-0156,AS 25.24.140(b),statute,AS 25.24.140(b),True,genuine,False,hit,,
doc-0156,AS 18.66.100(e),statute,AS 18.66.100(e),True,genuine,False,hit,,
doc-0156,AS 18.66.110,statute,AS 18.66.110,True,genuine,False,hit,,
doc-0156,AS 18.66.130(c),statute,AS 18.66.130(c),True,genuine,False,hit,,
doc-0156,AS 25.24.140(d),statute,AS 25.24.140(d),True,genuine,False,hit,,
doc-0156,Civil Rule 3(h),rule,civ 3(h),True,genuine,False,hit,,
doc-0156,Civil Rule 65.1,rule,civ 65.1,True,genuine,False,hit,,
doc-0156,Civil Rule 65(b),rule,civ 65(b),True,genuine,False,hit,,
doc-0156,Civil Rule 100(a),rule,civ 100(a),True,genuine,False,hit,,
doc-0156,"Whalen v. Whalen, 425 P.3d 150 (Alaska 2018)",case,425 P.3d 150,True,genuine,False,hit,,
doc-0156,"Cooper v. Cooper, 144 P.3d 451 (Alaska 2006)",case,144 P.3d 451,True,genuine,False,hit,,
doc-0156,"In Watega v. Watega, 143 P.3d 658 (Alaska 2006)",case,143 P.3d 658,True,genuine,True,hit,,
doc-0156,"Jmr v. Str, 15 P.3d 253 (Alaska 2001)",case,15 P.3d 253,True,genuine,False,hit,,
doc-0157,"Thomas E. Jordan v. Cheryl A. Jordan, 867 P.3d 536 (Alaska 2021)",case,867 P.3d 536,False,wrong_reporter,False,hit,,
doc-0157,AS 18.66.901,statute,AS 18.66.901,False,fabricated_statute,False,hit,,
doc-0157,"Reed v. Parrish, 868 P.3d 896 (Alaska 2012)",case,868 P.3d 896,False,wrong_reporter,False,hit,,
doc-0157,AS 18.66.100,statute,AS 18.66.100,True,genuine,False,hit,,
doc-0157,AS 18.66.100(b),statute,AS 18.66.100(b),True,genuine,False,hit,,
doc-0157,AS 18.66.100(c),statute,AS 18.66.100(c),True,genuine,False,hit,,
doc-0157,AS 18.66.100(e),statute,AS 18.66.100(e),True,genuine,False,hit,,
doc-0157,AS 18.66.130(a),statute,AS 18.66.130(a),True,genuine,False,hit,,
doc-0157,AS 25.24.140(b),statute,AS 25.24.140(b),True,genuine,False,hit,,
doc-0157,AS 18.66.130(c),statute,AS 18.66.130(c),True,genuine,False,hit,,
doc-0157,AS 25.24.060(f),statute,AS 25.24.060(f),True,genuine,False,hit,,
doc-0157,Civil Rule 3(h),rule,civ 3(h),True,genuine,False,hit,,
doc-0157,Civil Rule 100(a),rule,civ 100(a),True,genuine,False,hit,,
doc-0157,Civil Rule 65.1,rule,civ 65.1,True,genuine,False,hit,,
doc-0157,"Thomas v. Thomas, 171 P.3d 98 (Alaska 2007)",case,171 P.3d 98,True,genuine,False,hit,,
doc-0157,"Williams v. Barbee, 243 P.3d 995 (Alaska 2010)",case,243 P.3d 995,True,genuine,False,hit,,
doc-0158,AS 18.66.100,statute,AS 18.66.100,True,genuine,False,hit,,
doc-0158,AS 18.66.100(c),statute,AS 18.66.100(c),True,genuine,False,hit,,
doc-0158,AS 18.66.100(b),statute,AS 18.66.100(b),True,genuine,False,hit,,
doc-0158,AS 18.66.110(a),statute,AS 18.66.110(a),True,genuine,False,hit,,
doc-0158,AS 18.66.100(e),statute,AS 18.66.100(e),True,genuine,False,hit,,
doc-0158,AS 18.66.100(a),statute,AS 18.66.100(a),True,genuine,False,hit,,
doc-0158,AS 18.66.130(a),statute,AS 18.66.130(a),True,genuine,False,hit,,
doc-0158,AS 18.66.130(c),statute,AS 18.66.130(c),True,genuine,False,hit,,
doc-0158,AS 18.66.110,statute,AS 18.66.110,True,genuine,False,hit,,
doc-0158,Civil Rule 3(h),rule,civ 3(h),True,genuine,False,hit,,
doc-0158,Civil Rule 100(a),rule,civ 100(a),True,genuine,False,hit,,
doc-0158,Civil Rule 65(b),rule,civ 65(b),True,genuine,False,hit,,
doc-0158,Civil Rule 65.1,rule,civ 65.1,True,genuine,False,hit,,
doc-0158,"Whalen v. Whalen, 425 P.3d 150 (Alaska 2018)",case,425 P.3d 150,True,genuine,False,hit,,
doc-0158,"Thomas v. Thomas, 171 P.3d 98 (Alaska 2007)",case,171 P.3d 98,True,genuine,False,hit,,
doc-0159,AS 18.66.100,statute,AS 18.66.100,True,genuine,False,hit,,
doc-0159,AS 18.66.100(b),statute,AS 18.66.100(b),True,genuine,False,hit,,
doc-0159,AS 18.66.110(a),statute,AS 18.66.110(a),True,genuine,False,hit,,
doc-0159,AS 18.66.100(a),statute,AS 18.66.100(a),True,genuine,False,hit,,
doc-0159,AS 18.66.100(e),statute,AS 18.66.100(e),True,genuine,False,hit,,
doc-0159,AS 18.66.100(c),statute,AS 18.66.100(c),True,genuine,False,hit,,
doc-0159,AS 18.66.130(a),statute,AS 18.66.130(a),True,genuine,False,hit,,
doc-0159,AS 18.66.130(d),statute,AS 18.66.130(d),True,genuine,False,hit,,
doc-0159,AS 25.24.140(b),statute,AS 25.24.140(b),True,genuine,False,hit,,
doc-0159,AS 18.65.520,statute,AS 18.65.520,True,genuine,False,hit,,
doc-0159,AS 18.66.130(c),statute,AS 18.66.130(c),True,genuine,False,hit,,
doc-0159,Civil Rule 65(b),rule,civ 65(b),True,genuine,False,hit,,
doc-0159,Civil Rule 3(h),rule,civ 3(h),True,genuine,False,hit,,
doc-0159,Civil Rule 100(a),rule,civ 100(a),True,genuine,False,hit,,
doc-0159,Civil Rule 65.1,rule,civ 65.1,True,genuine,False,hit,,
doc-0159,"In Andrea C. v. Marcus K., 355 P.3d 521 (Alaska 2015)",case,355 P.3d 521,True,genuine,True,hit,,
doc-0159,"In Thomas v. Thomas, 171 P.3d 98 (Alaska 2007)",case,171 P.3d 98,True,genuine,True,hit,,
doc-0159,"In Whalen v. Whalen, 425 P.3d 150 (Alaska 2018)",case,425 P.3d 150,True,genuine,True,hit,,
doc-0159,"Thomas v. Thomas, 171 P.3d 98 (Alaska 2007)",case,171 P.3d 98,True,genuine,False,hit,,
doc-0159,"Sarah D. v. John D., 352 P.3d 419 (Alaska 2015)",case,352 P.3d 419,True,genuine,False,hit,,
doc-0160,AS 18.66.946,statute,AS 18.66.946,False,fabricated_statute,False,hit,,
doc-0160,"Ruerup v. Ruerup, 641 P.3d 783 (Alaska 2018)",case,641 P.3d 783,False,wrong_reporter,False,hit,,
doc-0160,Civil Rule 923,rule,civ 923,False,fabricated_rule,False,hit,,
doc-0160,AS 18.66.100(b),statute,AS 18.66.100(b),True,genuine,False,hit,,
doc-0160,AS 18.66.100(c),statute,AS 18.66.100(c),True,genuine,False,hit,,
doc-0160,AS 18.66.110,statute,AS 18.66.110,True,genuine,False,hit,,
doc-0160,AS 18.66.100(e),statute,AS 18.66.100(e),True,genuine,False,hit,,
doc-0160,AS 18.66.130(a),statute,AS 18.66.130(a),True,genuine,False,hit,,
doc-0160,AS 25.24.140(b),statute,AS 25.24.140(b),True,genuine,False,hit,,
doc-0160,AS 18.66.110(a),statute,AS 18.66.110(a),True,genuine,False,hit,,
doc-0160,AS 18.66.130(c),statute,AS 18.66.130(c),True,genuine,False,hit,,
doc-0160,AS 25.24.140(d),statute,AS 25.24.140(d),True,genuine,False,hit,,
doc-0160,AS 18.66.990,statute,AS 18.66.990,True,genuine,False,hit,,
doc-0160,Civil Rule 65(b),rule,civ 65(b),True,genuine,False,hit,,
doc-0160,Civil Rule 3(h),rule,civ 3(h),True,genuine,False,hit,,
doc-0160,Civil Rule 100(a),rule,civ 100(a),True,genuine,False,hit,,
doc-0160,Alaska R. Evid. 505(a),rule,evid 505(a),True,genuine,False,hit,,
doc-0160,Alaska R. Evid. 504(d),rule,evid 504(d),True,genuine,False,hit,,
doc-0160,"Thomas v. Thomas, 171 P.3d 98 (Alaska 2007)",case,171 P.3d 98,True,genuine,False,hit,,
doc-0160,"Sarah D. v. John D., 352 P.3d 419 (Alaska 2015)",case,352 P.3d 419,True,genuine,False,hit,,
doc-0160,"Stephan P. v. Cecilia A., 464 P.3d 266 (Alaska 2020)",case,464 P.3d 266,True,genuine,False,hit,,
doc-0161,Civil Rule 908(a),rule,civ 908(a),False,fabricated_rule,False,hit,,
doc-0161,Civil Rule 956(a),rule,civ 956(a),False,fabricated_rule,False,hit,,
doc-0161,AS 25.24.170,statute,AS 25.24.170,True,genuine,False,hit,,
doc-0161,AS 25.27.060(d),statute,AS 25.27.060(d),True,genuine,False,hit,,
doc-0161,AS 25.20.110(a),statute,AS 25.20.110(a),True,genuine,False,hit,,
doc-0161,AS 25.27.062,statute,AS 25.27.062,True,genuine,False,hit,,
doc-0161,AS 25.27.062(a),statute,AS 25.27.062(a),True,genuine,False,hit,,
doc-0161,Civil Rule 90.3,rule,civ 90.3,True,genuine,False,hit,,
doc-0161,Rule 90.3(a),rule,civ 90.3(a),True,genuine,False,hit,,
doc-0161,Rule 90.3,rule,civ 90.3,True,genuine,False,hit,,
doc-0161,Alaska R. Evid. 401,rule,evid 401,True,genuine,False,hit,,
doc-0161,Alaska R. Evid. 201(d),rule,evid 201(d),True,genuine,False,hit,,
doc-0161,Rule 90.3(b),rule,civ 90.3(b),True,genuine,False,hit,,
doc-0161,Civil Rule 90.3(b),rule,civ 90.3(b),True,genuine,False,hit,,
doc-0161,"See Shanigan v. Shanigan, 386 P.3d 1238 (Alaska 2017)",case,386 P.3d 1238,True,genuine,True,hit,,
doc-0161,"Holmes v. Holmes, 414 P.3d 662 (Alaska 2018)",case,414 P.3d 662,True,genuine,False,hit,,
doc-0161,"Swaney v. Granger, 297 P.3d 132 (Alaska 2013)",case,297 P.3d 132,True,genuine,False,hit,,
doc-0161,"Mitchell v. Mitchell, 370 P.3d 1070 (Alaska 2016)",case,370 P.3d 1070,True,genuine,False,hit,,
doc-0161,"Peter Chapman v. Julia Chapman, 563 P.3d 1155 (Alaska 2025)",case,563 P.3d 1155,True,genuine,False,hit,,
doc-0161,"In Shanigan v. Shanigan, 386 P.3d 1238 (Alaska 2017)",case,386 P.3d 1238,True,genuine,True,hit,,
doc-0161,"In Holmes v. Holmes, 414 P.3d 662 (Alaska 2018)",case,414 P.3d 662,True,genuine,True,hit,,
doc-0161,"See Richardson v. Kohlin, 175 P.3d 43 (Alaska 2008)",case,175 P.3d 43,True,genuine,True,hit,,
doc-0161,"See Swaney v. Granger, 297 P.3d 132 (Alaska 2013)",case,297 P.3d 132,True,genuine,True,hit,,
doc-0161,"Kelly v. Joseph, 46 P.3d 1014 (Alaska 2002)",case,46 P.3d 1014,True,genuine,False,hit,,
doc-0162,Civil Rule 913,rule,civ 913,False,fabricated_rule,False,hit,,
doc-0162,"Bunn v. House, 851 P.2d 498 (Alaska 1997)",case,851 P.2d 498,False,wrong_reporter,False,hit,,
doc-0162,AS 25.20.110(a),statute,AS 25.20.110(a),True,genuine,False,hit,,
doc-0162,AS 25.24.170(a),statute,AS 25.24.170(a),True,genuine,False,hit,,
doc-0162,AS 25.20.110,statute,AS 25.20.110,True,genuine,False,hit,,
doc-0162,AS 25.27.060(a),statute,AS 25.27.060(a),True,genuine,False,hit,,
doc-0162,Civil Rule 90.3(f),rule,civ 90.3(f),True,genuine,False,hit,,
doc-0162,Civil Rule 90.3(h),rule,civ 90.3(h),True,genuine,False,hit,,
doc-0162,Civil Rule 90.3(b),rule,civ 90.3(b),True,genuine,False,hit,,
doc-0162,Civil Rule 90.3(a),rule,civ 90.3(a),True,genuine,False,hit,,
doc-0162,"See Shanigan v. Shanigan, 386 P.3d 1238 (Alaska 2017)",case,386 P.3d 1238,True,genuine,True,hit,,
doc-0162,"Holmes v. Holmes, 414 P.3d 662 (Alaska 2018)",case,414 P.3d 662,True,genuine,False,hit,,
doc-0162,"Shanigan v. Shanigan, 386 P.3d 1238 (Alaska 2017)",case,386 P.3d 1238,True,genuine,False,hit,,
doc-0162,"Peter Chapman v. Julia Chapman, 563 P.3d 1155 (Alaska 2025)",case,563 P.3d 1155,True,genuine,False,hit,,
doc-0162,"Mitchell v. Mitchell, 370 P.3d 1070 (Alaska 2016)",case,370 P.3d 1070,True,genuine,False,hit,,
doc-0162,"Flannery v. Flannery, 950 P.2d 126 (Alaska 1997)",case,950 P.2d 126,True,genuine,False,hit,,
doc-0162,"Swaney v. Granger, 297 P.3d 132 (Alaska 2013)",case,297 P.3d 132,True,genuine,False,hit,,
doc-0163,Civil Rule 905(a),rule,civ 905(a),False,fabricated_rule,False,hit,,
doc-0163,"In Peter Chapman v. Julia Chapman, 529 P.3d 755 (Alaska 2025)",case,529 P.3d 755,False,wrong_reporter,True,hit,,
doc-0163,"Kelly v. Joseph, 663 P.3d 752 (Alaska 2002)",case,663 P.3d 752,False,wrong_reporter,False,hit,,
doc-0163,AS 25.24.170(a),statute,AS 25.24.170(a),True,genuine,False,hit,,
doc-0163,AS 25.27.060(c),statute,AS 25.27.060(c),True,genuine,False,hit,,
doc-0163,AS 25.24.170,statute,AS 25.24.170,True,genuine,False,hit,,
doc-0163,AS 25.27.060(a),statute,AS 25.27.060(a),True,genuine,False,hit,,
doc-0163,Civil Rule 90.3,rule,civ 90.3,True,genuine,False,hit,,
doc-0163,Rule 90.3(b),rule,civ 90.3(b),True,genuine,False,hit,,
doc-0163,Rule 90.3(a),rule,civ 90.3(a),True,genuine,False,hit,,
doc-0163,"In Shanigan v. Shanigan, 386 P.3d 1238 (Alaska 2017)",case,386 P.3d 1238,True,genuine,True,hit,,
doc-0163,"In Bunn v. House, 934 P.2d 753 (Alaska 1997)",case,934 P.2d 753,True,genuine,True,hit,,
doc-0163,"In Holmes v. Holmes, 414 P.3d 662 (Alaska 2018)",case,414 P.3d 662,True,genuine,True,hit,,
doc-0163,"Bunn v. House, 934 P.2d 753 (Alaska 1997)",case,934 P.2d 753,True,genuine,False,hit,,
doc-0163,"Shanigan v. Shanigan, 386 P.3d 1238 (Alaska 2017)",case,386 P.3d 1238,True,genuine,False,hit,,
doc-0163,"Richardson v. Kohlin, 175 P.3d 43 (Alaska 2008)",case,175 P.3d 43,True,genuine,False,hit,,
doc-0163,"In Bergstrom v. Lindback, 779 P.2d 1235 (Alaska 1989)",case,779 P.2d 1235,True,genuine,True,hit,,
doc-0163,"In Mitchell v. Mitchell, 370 P.3d 1070 (Alaska 2016)",case,370 P.3d 1070,True,genuine,True,hit,,
doc-0164,Civil Rule 942(f),rule,civ 942(f),False,fabricated_rule,False,hit,,
doc-0164,Civil Rule 994(a),rule,civ 994(a),False,fabricated_rule,False,hit,,
doc-0164,Civil Rule 982(a),rule,civ 982(a),False,fabricated_rule,False,hit,,
doc-0164,AS 25.24.170(a),statute,AS 25.24.170(a),True,genuine,False,hit,,
doc-0164,AS 25.27.060(d),statute,AS 25.27.060(d),True,genuine,False,hit,,
doc-0164,AS 25.24.170,statute,AS 25.24.170,True,genuine,False,hit,,
doc-0164,AS 25.27.062(a),statute,AS 25.27.062(a),True,genuine,False,hit,,
doc-0164,AS 25.27.070(a),statute,AS 25.27.070(a),True,genuine,False,hit,,
doc-0164,Civil Rule 90.3,rule,civ 90.3,True,genuine,False,hit,,
doc-0164,Rule 90.3,rule,civ 90.3,True,genuine,False,hit,,
doc-0164,Civil Rule 90.3(b),rule,civ 90.3(b),True,genuine,False,hit,,
doc-0164,Rule 90.3(a),rule,civ 90.3(a),True,genuine,False,hit,,
doc-0164,"Shanigan v. Shanigan, 386 P.3d 1238 (Alaska 2017)",case,386 P.3d 1238,True,genuine,False,hit,,
doc-0164,"Mitchell v. Mitchell, 370 P.3d 1070 (Alaska 2016)",case,370 P.3d 1070,True,genuine,False,hit,,
doc-0164,"Marine v. Marine, 957 P.2d 314 (Alaska 1998)",case,957 P.2d 314,True,genuine,False,hit,,
doc-0164,"Ronny M. v. Nanette H., 303 P.3d 392 (Alaska 2013)",case,303 P.3d 392,True,genuine,False,hit,,
doc-0164,"Holmes v. Holmes, 414 P.3d 662 (Alaska 2018)",case,414 P.3d 662,True,genuine,False,hit,,
doc-0164,"Swaney v. Granger, 297 P.3d 132 (Alaska 2013)",case,297 P.3d 132,True,genuine,False,hit,,
doc-0164,"Peter Chapman v. Julia Chapman, 563 P.3d 1155 (Alaska 2025)",case,563 P.3d 1155,True,genuine,False,hit,,
doc-0165,AS 25.24.170(a),statute,AS 25.24.170(a),True,genuine,False,hit,,
doc-0165,AS 25.20.110(a),statute,AS 25.20.110(a),True,genuine,False,hit,,
doc-0165,Civil Rule 90.3,rule,civ 90.3,True,genuine,False,hit,,
doc-0165,Civil Rule 90.3(b),rule,civ 90.3(b),True,genuine,False,hit,,
doc-0165,Civil Rule 90.3(a),rule,civ 90.3(a),True,genuine,False,hit,,
doc-0165,"Bunn v. House, 934 P.2d 753 (Alaska 1997)",case,934 P.2d 753,True,genuine,False,hit,,
doc-0165,"Holmes v. Holmes, 414 P.3d 662 (Alaska 2018)",case,414 P.3d 662,True,genuine,False,hit,,
doc-0165,"In Bunn v. House, 934 P.2d 753 (Alaska 1997)",case,934 P.2d 753,True,genuine,True,hit,,
doc-0165,"Peter Chapman v. Julia Chapman, 563 P.3d 1155 (Alaska 2025)",case,563 P.3d 1155,True,genuine,False,hit,,
doc-0165,"In Mitchell v. Mitchell, 370 P.3d 1070 (Alaska 2016)",case,370 P.3d 1070,True,genuine,True,hit,,
doc-0165,"Mitchell v. Mitchell, 370 P.3d 1070 (Alaska 2016)",case,370 P.3d 1070,True,genuine,False,hit,,
doc-0165,"Kelly v. Joseph, 46 P.3d 1014 (Alaska 2002)",case,46 P.3d 1014,True,genuine,False,hit,,
doc-0165,"Koller v. Reft, 71 P.3d 800 (Alaska 2003)",case,71 P.3d 800,True,genuine,False,hit,,
doc-0166,AS 25.24.170,statute,AS 25.24.170,True,genuine,False,hit,,
doc-0166,AS 25.20.110,statute,AS 25.20.110,True,genuine,False,hit,,
doc-0166,AS 25.24.170(a),statute,AS 25.24.170(a),True,genuine,False,hit,,
doc-0166,AS 25.20.110(a),statute,AS 25.20.110(a),True,genuine,False,hit,,
doc-0166,AS 25.27.060(a),statute,AS 25.27.060(a),True,genuine,False,hit,,
doc-0166,AS 25.24.150(c),statute,AS 25.24.150(c),True,genuine,False,hit,,
doc-0166,AS 25.25.205(a),statute,AS 25.25.205(a),True,genuine,False,hit,,
doc-0166,Civil Rule 90.3(h),rule,civ 90.3(h),True,genuine,False,hit,,
doc-0166,Rule 90.3,rule,civ 90.3,True,genuine,False,hit,,
doc-0166,Civil Rule 90.3(c),rule,civ 90.3(c),True,genuine,False,hit,,
doc-0166,Civil Rule 90.3,rule,civ 90.3,True,genuine,False,hit,,
doc-0166,Rule 90.3(c),rule,civ 90.3(c),True,genuine,False,hit,,
doc-0166,"Holmes v. Holmes, 414 P.3d 662 (Alaska 2018)",case,414 P.3d 662,True,genuine,False,hit,,
doc-0166,"Bunn v. House, 934 P.2d 753 (Alaska 1997)",case,934 P.2d 753,True,genuine,False,hit,,
doc-0166,"Headlough v. Headlough, 639 P.2d 1010 (Alaska 1982)",case,639 P.2d 1010,True,genuine,False,hit,,
doc-0166,"Peter Chapman v. Julia Chapman, 563 P.3d 1155 (Alaska 2025)",case,563 P.3d 1155,True,genuine,False,hit,,
doc-0166,"Berkbigler v. Berkbigler, 921 P.2d 628 (Alaska 1996)",case,921 P.2d 628,True,genuine,False,hit,,
doc-0167,AS 25.24.170,statute,AS 25.24.170,True,genuine,False,hit,,
doc-0167,AS 25.27.062(a),statute,AS 25.27.062(a),True,genuine,False,hit,,
doc-0167,AS 25.27.062(m),statute,AS 25.27.062(m),True,genuine,False,hit,,
doc-0167,AS 25.27.062(b),statute,AS 25.27.062(b),True,genuine,False,hit,,
doc-0167,AS 25.27.062,statute,AS 25.27.062,True,genuine,False,hit,,
doc-0167,Civil Rule 90.3,rule,civ 90.3,True,genuine,False,hit,,
doc-0167,Civil Rule 90.3(h),rule,civ 90.3(h),True,genuine,False,hit,,
doc-0167,Civil Rule 90.3(a),rule,civ 90.3(a),True,genuine,False,hit,,
doc-0167,Rule 90.3,rule,civ 90.3,True,genuine,False,hit,,
doc-0167,Rule 90.3(a),rule,civ 90.3(a),True,genuine,False,hit,,
doc-0167,Rule 90.3(h),rule,civ 90.3(h),True,genuine,False,hit,,
doc-0167,"Bunn v. House, 934 P.2d 753 (Alaska 1997)",case,934 P.2d 753,True,genuine,False,hit,,
doc-0167,"Shanigan v. Shanigan, 386 P.3d 1238 (Alaska 2017)",case,386 P.3d 1238,True,genuine,False,hit,,
doc-0167,"Peter Chapman v. Julia Chapman, 563 P.3d 1155 (Alaska 2025)",case,563 P.3d 1155,True,genuine,False,hit,,
doc-0167,"Koller v. Reft, 71 P.3d 800 (Alaska 2003)",case,71 P.3d 800,True,genuine,False,hit,,
doc-0167,"See Shanigan v. Shanigan, 386 P.3d 1238 (Alaska 2017)",case,386 P.3d 1238,True,genuine,True,hit,,
doc-0167,"Richardson v. Kohlin, 175 P.3d 43 (Alaska 2008)",case,175 P.3d 43,True,genuine,False,hit,,
doc-0167,"See Koller v. Reft, 71 P.3d 800 (Alaska 2003)",case,71 P.3d 800,True,genuine,True,hit,,
doc-0168,AS 25.24.170(a),statute,AS 25.24.170(a),True,genuine,False,hit,,
doc-0168,AS 25.24.170(b),statute,AS 25.24.170(b),True,genuine,False,hit,,
doc-0168,AS 25.20.110(a),statute,AS 25.20.110(a),True,genuine,False,hit,,
doc-0168,AS 25.27.060(a),statute,AS 25.27.060(a),True,genuine,False,hit,,
doc-0168,AS 25.27.060(d),statute,AS 25.27.060(d),True,genuine,False,hit,,
doc-0168,AS 25.24.170,statute,AS 25.24.170,True,genuine,False,hit,,
doc-0168,AS 25.27.062(a),statute,AS 25.27.062(a),True,genuine,False,hit,,
doc-0168,Civil Rule 90.3,rule,civ 90.3,True,genuine,False,hit,,
doc-0168,Rule 90.3,rule,civ 90.3,True,genuine,False,hit,,
doc-0168,Civil Rule 90.3(a),rule,civ 90.3(a),True,genuine,False,hit,,
doc-0168,Rule 90.3(a),rule,civ 90.3(a),True,genuine,False,hit,,
doc-0168,"Shanigan v. Shanigan, 386 P.3d 1238 (Alaska 2017)",case,386 P.3d 1238,True,genuine,False,hit,,
doc-0168,"Holmes v. Holmes, 414 P.3d 662 (Alaska 2018)",case,414 P.3d 662,True,genuine,False,hit,,
doc-0168,"Swaney v. Granger, 297 P.3d 132 (Alaska 2013)",case,297 P.3d 132,True,genuine,False,hit,,
doc-0168,"Bunn v. House, 934 P.2d 753 (Alaska 1997)",case,934 P.2d 753,True,genuine,False,hit,,
doc-0168,"In Holmes v. Holmes, 414 P.3d 662 (Alaska 2018)",case,414 P.3d 662,True,genuine,True,hit,,
doc-0168,"Peter Chapman v. Julia Chapman, 563 P.3d 1155 (Alaska 2025)",case,563 P.3d 1155,True,genuine,False,hit,,
doc-0168,"Richardson v. Kohlin, 175 P.3d 43 (Alaska 2008)",case,175 P.3d 43,True,genuine,False,hit,,
doc-0169,Civil Rule 918(a),rule,civ 918(a),False,fabricated_rule,False,hit,,
doc-0169,"Berkbigler v. Berkbigler, 787 P.2d 329 (Alaska 1996)",case,787 P.2d 329,False,wrong_reporter,False,hit,,
doc-0169,AS 25.20.110(a),statute,AS 25.20.110(a),True,genuine,False,hit,,
doc-0169,AS 25.24.170(a),statute,AS 25.24.170(a),True,genuine,False,hit,,
doc-0169,AS 25.24.170(b),statute,AS 25.24.170(b),True,genuine,False,hit,,
doc-0169,AS 25.20.110(b),statute,AS 25.20.110(b),True,genuine,False,hit,,
doc-0169,AS 25.27.062,statute,AS 25.27.062,True,genuine,False,hit,,
doc-0169,AS 25.27.062(a),statute,AS 25.27.062(a),True,genuine,False,hit,,
doc-0169,AS 25.27.900(2),statute,AS 25.27.900(2),True,genuine,False,hit,,
doc-0169,AS 25.27.060(c),statute,AS 25.27.060(c),True,genuine,False,hit,,
doc-0169,Civil Rule 90.3(f),rule,civ 90.3(f),True,genuine,False,hit,,
doc-0169,Civil Rule 90.3,rule,civ 90.3,True,genuine,False,hit,,
doc-0169,Rule 90.3,rule,civ 90.3,True,genuine,False,hit,,
doc-0169,Alaska R. Evid. 1006,rule,evid 100,True,genuine,False,hit,,
doc-0169,"In Shanigan v. Shanigan, 386 P.3d 1238 (Alaska 2017)",case,386 P.3d 1238,True,genuine,True,hit,,
doc-0169,"In Holmes v. Holmes, 414 P.3d 662 (Alaska 2018)",case,414 P.3d 662,True,genuine,True,hit,,
doc-0169,"Bunn v. House, 934 P.2d 753 (Alaska 1997)",case,934 P.2d 753,True,genuine,False,hit,,
doc-0169,"Shanigan v. Shanigan, 386 P.3d 1238 (Alaska 2017)",case,386 P.3d 1238,True,genuine,False,hit,,
doc-0169,"Peter Chapman v. Julia Chapman, 563 P.3d 1155 (Alaska 2025)",case,563 P.3d 1155,True,genuine,False,hit,,
doc-0170,"Halvers v. Pruitt, 355 P.3d 629 (Alaska 2009)",case,355 P.3d 629,False,fabricated_case,False,hit,,
doc-0170,Civil Rule 979(a),rule,civ 979(a),False,fabricated_rule,False,hit,,
doc-0170,Civil Rule 917(a),rule,civ 917(a),False,fabricated_rule,False,hit,,
doc-0170,AS 25.24.170(a),statute,AS 25.24.170(a),True,genuine,False,hit,,
doc-0170,AS 25.24.170(b),statute,AS 25.24.170(b),True,genuine,False,hit,,
doc-0170,AS 25.20.110(a),statute,AS 25.20.110(a),True,genuine,False,hit,,
doc-0170,AS 25.27.060(c),statute,AS 25.27.060(c),True,genuine,False,hit,,
doc-0170,AS 25.27.062(a),statute,AS 25.27.062(a),True,genuine,False,hit,,
doc-0170,AS 25.30.310(a),statute,AS 25.30.310(a),True,genuine,False,hit,,
doc-0170,Rule 90.3,rule,civ 90.3,True,genuine,False,hit,,
doc-0170,Civil Rule 90.3(b),rule,civ 90.3(b),True,genuine,False,hit,,
doc-0170,"Shanigan v. Shanigan, 386 P.3d 1238 (Alaska 2017)",case,386 P.3d 1238,True,genuine,False,hit,,
doc-0170,"Swaney v. Granger, 297 P.3d 132 (Alaska 2013)",case,297 P.3d 132,True,genuine,False,hit,,
doc-0170,"Peter Chapman v. Julia Chapman, 563 P.3d 1155 (Alaska 2025)",case,563 P.3d 1155,True,genuine,False,hit,,
doc-0170,"Holmes v. Holmes, 414 P.3d 662 (Alaska 2018)",case,414 P.3d 662,True,genuine,False,hit,,
doc-0170,"Mitchell v. Mitchell, 370 P.3d 1070 (Alaska 2016)",case,370 P.3d 1070,True,genuine,False,hit,,
doc-0170,"Bunn v. House, 934 P.2d 753 (Alaska 1997)",case,934 P.2d 753,True,genuine,False,hit,,
doc-0170,"Flannery v. Flannery, 950 P.2d 126 (Alaska 1997)",case,950 P.2d 126,True,genuine,False,hit,,
doc-0171,AS 25.27.927,statute,AS 25.27.927,False,fabricated_statute,False,hit,,
doc-0171,Civil Rule 952(a),rule,civ 952(a),False,fabricated_rule,False,hit,,
doc-0171,AS 25.20.110,statute,AS 25.20.110,True,genuine,False,hit,,
doc-0171,AS 25.24.170,statute,AS 25.24.170,True,genuine,False,hit,,
doc-0171,AS 25.20.110(a),statute,AS 25.20.110(a),True,genuine,False,hit,,
doc-0171,AS 25.27.062(b),statute,AS 25.27.062(b),True,genuine,False,hit,,
doc-0171,AS 25.27.062(i),statute,AS 25.27.062(i),True,genuine,False,hit,,
doc-0171,AS 25.27.062,statute,AS 25.27.062,True,genuine,False,hit,,
doc-0171,Civil Rule 90.3,rule,civ 90.3,True,genuine,False,hit,,
doc-0171,Civil Rule 90.3(f),rule,civ 90.3(f),True,genuine,False,hit,,
doc-0171,Civil Rule 90.3(b),rule,civ 90.3(b),True,genuine,False,hit,,
doc-0171,Rule 90.3,rule,civ 90.3,True,genuine,False,hit,,
doc-0171,"Shanigan v. Shanigan, 386 P.3d 1238 (Alaska 2017)",case,386 P.3d 1238,True,genuine,False,hit,,
doc-0171,"Bunn v. House, 934 P.2d 753 (Alaska 1997)",case,934 P.2d 753,True,genuine,False,hit,,
doc-0171,"Swaney v. Granger, 297 P.3d 132 (Alaska 2013)",case,297 P.3d 132,True,genuine,False,hit,,
doc-0171,"Wilhour v. Wilhour, 308 P.3d 884 (Alaska 2013)",case,308 P.3d 884,True,genuine,False,hit,,
doc-0171,"Holmes v. Holmes, 414 P.3d 662 (Alaska 2018)",case,414 P.3d 662,True,genuine,False,hit,,
doc-0171,"Kelly v. Joseph, 46 P.3d 1014 (Alaska 2002)",case,46 P.3d 1014,True,genuine,False,hit,,
doc-0171,"Peter Chapman v. Julia Chapman, 563 P.3d 1155 (Alaska 2025)",case,563 P.3d 1155,True,genuine,False,hit,,
doc-0172,Civil Rule 936,rule,civ 936,False,fabricated_rule,False,hit,,
doc-0172,"Restol v. Manshen, 408 P.3d 791 (Alaska 2014)",case,408 P.3d 791,False,fabricated_case,False,hit,,
doc-0172,"Holmes v. Holmes, 573 P.3d 147 (Alaska 2018)",case,573 P.3d 147,False,wrong_reporter,False,hit,,
doc-0172,AS 25.24.170,statute,AS 25.24.170,True,genuine,False,hit,,
doc-0172,AS 25.27.060(c),statute,AS 25.27.060(c),True,genuine,False,hit,,
doc-0172,Civil Rule 90.3(b),rule,civ 90.3(b),True,genuine,False,hit,,
doc-0172,Civil Rule 90.3(a),rule,civ 90.3(a),True,genuine,False,hit,,
doc-0172,Civil Rule 90.3(c),rule,civ 90.3(c),True,genuine,False,hit,,
doc-0172,Rule 90.3,rule,civ 90.3,True,genuine,False,hit,,
doc-0172,"See Bunn v. House, 934 P.2d 753 (Alaska 1997)",case,934 P.2d 753,True,genuine,True,hit,,
doc-0172,"See Mitchell v. Mitchell, 370 P.3d 1070 (Alaska 2016)",case,370 P.3d 1070,True,genuine,True,hit,,
doc-0172,"Child Support Enforcement Division v. Bromley, 987 P.2d 183 (Alaska 1999)",case,987 P.2d 183,True,genuine,False,hit,,
doc-0172,"See Holmes v. Holmes, 414 P.3d 662 (Alaska 2018)",case,414 P.3d 662,True,genuine,True,hit,,
doc-0172,"See Marine v. Marine, 957 P.2d 314 (Alaska 1998)",case,957 P.2d 314,True,genuine,True,hit,,
doc-0172,"See Swaney v. Granger, 297 P.3d 132 (Alaska 2013)",case,297 P.3d 132,True,genuine,True,hit,,
doc-0173,AS 25.27.947,statute,AS 25.27.947,False,fabricated_statute,False,hit,,
doc-0173,"Bunn v. House, 526 P.2d 416 (Alaska 1997)",case,526 P.2d 416,False,wrong_reporter,False,hit,,
doc-0173,Civil Rule 903(a),rule,civ 903(a),False,fabricated_rule,False,hit,,
doc-0173,AS 25.24.170,statute,AS 25.24.170,True,genuine,False,hit,,
doc-0173,AS 25.20.110,statute,AS 25.20.110,True,genuine,False,hit,,
doc-0173,AS 25.27.060,statute,AS 25.27.060,True,genuine,False,hit,,
doc-0173,AS 25.20.110(a),statute,AS 25.20.110(a),True,genuine,False,hit,,
doc-0173,AS 25.27.062,statute,AS 25.27.062,True,genuine,False,hit,,
doc-0173,Civil Rule 90.3,rule,civ 90.3,True,genuine,False,hit,,
doc-0173,Civil Rule 90.3(b),rule,civ 90.3(b),True,genuine,False,hit,,
doc-0173,Rule 90.3,rule,civ 90.3,True,genuine,False,hit,,
doc-0173,Rule 90.3(a),rule,civ 90.3(a),True,genuine,False,hit,,
doc-0173,"Hixson v. Sarkesian, 123 P.3d 1072 (Alaska 2005)",case,123 P.3d 1072,True,genuine,False,hit,,
doc-0173,"Shanigan v. Shanigan, 386 P.3d 1238 (Alaska 2017)",case,386 P.3d 1238,True,genuine,False,hit,,
doc-0173,"In Peter Chapman v. Julia Chapman, 563 P.3d 1155 (Alaska 2025)",case,563 P.3d 1155,True,genuine,True,hit,,
doc-0173,"Holmes v. Holmes, 414 P.3d 662 (Alaska 2018)",case,414 P.3d 662,True,genuine,False,hit,,
doc-0173,"Berkbigler v. Berkbigler, 921 P.2d 628 (Alaska 1996)",case,921 P.2d 628,True,genuine,False,hit,,
doc-0173,"Richardson v. Kohlin, 175 P.3d 43 (Alaska 2008)",case,175 P.3d 43,True,genuine,False,hit,,
doc-0174,AS 25.24.170(a),statute,AS 25.24.170(a),True,genuine,False,hit,,
doc-0174,AS 25.24.170(b),statute,AS 25.24.170(b),True,genuine,False,hit,,
doc-0174,AS 25.20.110(a),statute,AS 25.20.110(a),True,genuine,False,hit,,
doc-0174,AS 25.24.170,statute,AS 25.24.170,True,genuine,False,hit,,
doc-0174,AS 25.27.060(a),statute,AS 25.27.060(a),True,genuine,False,hit,,
doc-0174,AS 25.27.060(c),statute,AS 25.27.060(c),True,genuine,False,hit,,
doc-0174,AS 25.30.310(a),statute,AS 25.30.310(a),True,genuine,False,hit,,
doc-0174,AS 25.30.320,statute,AS 25.30.320,True,genuine,False,hit,,
doc-0174,Civil Rule 90.3(a),rule,civ 90.3(a),True,genuine,False,hit,,
doc-0174,Civil Rule 90.3(c),rule,civ 90.3(c),True,genuine,False,hit,,
doc-0174,Civil Rule 90.3,rule,civ 90.3,True,genuine,False,hit,,
doc-0174,Rule 90.3,rule,civ 90.3,True,genuine,False,hit,,
doc-0174,"Peter Chapman v. Julia Chapman, 563 P.3d 1155 (Alaska 2025)",case,563 P.3d 1155,True,genuine,False,hit,,
doc-0174,"Mitchell v. Mitchell, 370 P.3d 1070 (Alaska 2016)",case,370 P.3d 1070,True,genuine,False,hit,,
doc-0174,"In Peter Chapman v. Julia Chapman, 563 P.3d 1155 (Alaska 2025)",case,563 P.3d 1155,True,genuine,True,hit,,
doc-0174,"Child Support Enforcement Division v. Bromley, 987 P.2d 183 (Alaska 1999)",case,987 P.2d 183,True,genuine,False,hit,,
doc-0174,"In Berkbigler v. Berkbigler, 921 P.2d 628 (Alaska 1996)",case,921 P.2d 628,True,genuine,True,hit,,
doc-0174,"Holmes v. Holmes, 414 P.3d 662 (Alaska 2018)",case,414 P.3d 662,True,genuine,False,hit,,
doc-0175,AS 25.27.905,statute,AS 25.27.905,False,fabricated_statute,False,lenient_hit,subsection differs,
doc-0175,AS 25.27.975,statute,AS 25.27.975,False,fabricated_statute,False,hit,,
doc-0175,Civil Rule 960(a),rule,civ 960(a),False,fabricated_rule,False,hit,,
doc-0175,AS 25.24.170,statute,AS 25.24.170,True,genuine,False,hit,,
doc-0175,AS 25.20.110,statute,AS 25.20.110,True,genuine,False,hit,,
doc-0175,AS 25.24.170(a),statute,AS 25.24.170(a),True,genuine,False,hit,,
doc-0175,AS 25.20.110(a),statute,AS 25.20.110(a),True,genuine,False,hit,,
doc-0175,AS 25.24.170(b),statute,AS 25.24.170(b),True,genuine,False,hit,,
doc-0175,AS 25.27.062(a),statute,AS 25.27.062(a),True,genuine,False,lenient_hit,subsection differs,
doc-0175,AS 25.27.062(g),statute,AS 25.27.062(g),True,genuine,False,hit,,
doc-0175,Civil Rule 90.3,rule,civ 90.3,True,genuine,False,hit,,
doc-0175,Civil Rule 90.3(f),rule,civ 90.3(f),True,genuine,False,hit,,
doc-0175,Civil Rule 90.3(b),rule,civ 90.3(b),True,genuine,False,hit,,
doc-0175,"Shanigan v. Shanigan, 386 P.3d 1238 (Alaska 2017)",case,386 P.3d 1238,True,genuine,False,hit,,
doc-0175,"Holmes v. Holmes, 414 P.3d 662 (Alaska 2018)",case,414 P.3d 662,True,genuine,False,hit,,
doc-0175,"Peter Chapman v. Julia Chapman, 563 P.3d 1155 (Alaska 2025)",case,563 P.3d 1155,True,genuine,False,hit,,
doc-0175,"Swaney v. Granger, 297 P.3d 132 (Alaska 2013)",case,297 P.3d 132,True,genuine,False,hit,,
doc-0176,Civil Rule 972,rule,civ 972,False,fabricated_rule,False,lenient_hit,subsection differs,
doc-0176,Civil Rule 926(a),rule,civ 926(a),False,fabricated_rule,False,hit,,
doc-0176,Civil Rule 927(a),rule,civ 927(a),False,fabricated_rule,False,hit,,
doc-0176,AS 25.24.170,statute,AS 25.24.170,True,genuine,False,hit,,
doc-0176,AS 25.20.110,statute,AS 25.20.110,True,genuine,False,hit,,
doc-0176,AS 25.24.170(a),statute,AS 25.24.170(a),True,genuine,False,hit,,
doc-0176,AS 25.24.170(b),statute,AS 25.24.170(b),True,genuine,False,hit,,
doc-0176,AS 25.20.110(a),statute,AS 25.20.110(a),True,genuine,False,hit,,
doc-0176,AS 25.27.060(c),statute,AS 25.27.060(c),True,genuine,False,hit,,
doc-0176,Rule 90.3,rule,civ 90.3,True,genuine,False,hit,,
doc-0176,"See Berkbigler v. Berkbigler, 921 P.2d 628 (Alaska 1996)",case,921 P.2d 628,True,genuine,True,hit,,
doc-0176,"Holmes v. Holmes, 414 P.3d 662 (Alaska 2018)",case,414 P.3d 662,True,genuine,False,hit,,
doc-0176,"Berkbigler v. Berkbigler, 921 P.2d 628 (Alaska 1996)",case,921 P.2d 628,True,genuine,False,hit,,
doc-0176,"Peter Chapman v. Julia Chapman, 563 P.3d 1155 (Alaska 2025)",case,563 P.3d 1155,True,genuine,False,hit,,
doc-0176,"Headlough v. Headlough, 639 P.2d 1010 (Alaska 1982)",case,639 P.2d 1010,True,genuine,False,hit,,
doc-0177,AS 25.24.170,statute,AS 25.24.170,True,genuine,False,hit,,
doc-0177,AS 25.27.060(c),statute,AS 25.27.060(c),True,genuine,False,hit,,
doc-0177,AS 25.24.150(c),statute,AS 25.24.150(c),True,genuine,False,hit,,
doc-0177,Civil Rule 90.3,rule,civ 90.3,True,genuine,False,hit,,
doc-0177,Civil Rule 90.3(a),rule,civ 90.3(a),True,genuine,False,hit,,
doc-0177,Rule 90.3,rule,civ 90.3,True,genuine,False,hit,,
doc-0177,Civil Rule 90.3(c),rule,civ 90.3(c),True,genuine,False,hit,,
doc-0177,Rule 90.3(a),rule,civ 90.3(a),True,genuine,False,hit,,
doc-0177,"Richardson v. Kohlin, 175 P.3d 43 (Alaska 2008)",case,175 P.3d 43,True,genuine,False,hit,,
doc-0177,"Arndt v. Arndt, 777 P.2d 668 (Alaska 1989)",case,777 P.2d 668,True,genuine,False,hit,,
doc-0177,"Wilhour v. Wilhour, 308 P.3d 884 (Alaska 2013)",case,308 P.3d 884,True,genuine,False,hit,,
doc-0177,"Holmes v. Holmes, 414 P.3d 662 (Alaska 2018)",case,414 P.3d 662,True,genuine,False,hit,,
doc-0177,"Berkbigler v. Berkbigler, 921 P.2d 628 (Alaska 1996)",case,921 P.2d 628,True,genuine,False,hit,,
doc-0177,"In Arndt v. Arndt, 777 P.2d 668 (Alaska 1989)",case,777 P.2d 668,True,genuine,True,hit,,
doc-0177,"Peter Chapman v. Julia Chapman, 563 P.3d 1155 (Alaska 2025)",case,563 P.3d 1155,True,genuine,False,hit,,
doc-0178,Civil Rule 912(a),rule,civ 912(a),False,fabricated_rule,False,hit,,
doc-0178,Civil Rule 983,rule,civ 983,False,fabricated_rule,False,hit,,
doc-0178,AS 25.24.170(a),statute,AS 25.24.170(a),True,genuine,False,hit,,
doc-0178,AS 25.20.110(a),statute,AS 25.20.110(a),True,genuine,False,hit,,
doc-0178,AS 25.27.060(c),statute,AS 25.27.060(c),True,genuine,False,hit,,
doc-0178,AS 25.27.062(a),statute,AS 25.27.062(a),True,genuine,False,hit,,
doc-0178,AS 25.27.062,statute,AS 25.27.062,True,genuine,False,hit,,
doc-0178,Civil Rule 90.3(b),rule,civ 90.3(b),True,genuine,False,hit,,
doc-0178,Rule 90.3,rule,civ 90.3,True,genuine,False,hit,,
doc-0178,"Shanigan v. Shanigan, 386 P.3d 1238 (Alaska 2017)",case,386 P.3d 1238,True,genuine,False,hit,,
doc-0178,"Mitchell v. Mitchell, 370 P.3d 1070 (Alaska 2016)",case,370 P.3d 1070,True,genuine,False,hit,,
doc-0178,"Holmes v. Holmes, 414 P.3d 662 (Alaska 2018)",case,414 P.3d 662,True,genuine,False,hit,,
doc-0178,"Marine v. Marine, 957 P.2d 314 (Alaska 1998)",case,957 P.2d 314,True,genuine,False,hit,,
doc-0178,"Rowen v. Rowen, 963 P.2d 249 (Alaska 1998)",case,963 P.2d 249,True,genuine,False,hit,,
doc-0179,AS 25.24.976,statute,AS 25.24.976,False,fabricated_statute,False,lenient_hit,subsection differs,
doc-0179,Civil Rule 944,rule,civ 944,False,fabricated_rule,False,hit,,
doc-0179,AS 25.24.170(a),statute,AS 25.24.170(a),True,genuine,False,lenient_hit,subsection differs,
doc-0179,AS 25.27.062(a),statute,AS 25.27.062(a),True,genuine,False,hit,,
doc-0179,AS 25.27.062(b),statute,AS 25.27.062(b),True,genuine,False,hit,,
doc-0179,AS 25.27.900(2),statute,AS 25.27.900(2),True,genuine,False,hit,,
doc-0179,AS 25.27.060(a),statute,AS 25.27.060(a),True,genuine,False,hit,,
doc-0179,AS 25.27.062,statute,AS 25.27.062,True,genuine,False,hit,,
doc-0179,Civil Rule 90.3(a),rule,civ 90.3(a),True,genuine,False,hit,,
doc-0179,Rule 90.3,rule,civ 90.3,True,genuine,False,hit,,
doc-0179,"Hixson v. Sarkesian, 123 P.3d 1072 (Alaska 2005)",case,123 P.3d 1072,True,genuine,False,hit,,
doc-0179,"Shanigan v. Shanigan, 386 P.3d 1238 (Alaska 2017)",case,386 P.3d 1238,True,genuine,False,hit,,
doc-0179,"In Bunn v. House, 934 P.2d 753 (Alaska 1997)",case,934 P.2d 753,True,genuine,True,hit,,
doc-0179,"Holmes v. Holmes, 414 P.3d 662 (Alaska 2018)",case,414 P.3d 662,True,genuine,False,hit,,
doc-0179,"Swaney v. Granger, 297 P.3d 132 (Alaska 2013)",case,297 P.3d 132,True,genuine,False,hit,,
doc-0179,"Bunn v. House, 934 P.2d 753 (Alaska 1997)",case,934 P.2d 753,True,genuine,False,hit,,
doc-0179,"Peter Chapman v. Julia Chapman, 563 P.3d 1155 (Alaska 2025)",case,563 P.3d 1155,True,genuine,False,hit,,
doc-0179,"Berkbigler v. Berkbigler, 921 P.2d 628 (Alaska 1996)",case,921 P.2d 628,True,genuine,False,hit,,
doc-0180,AS 25.24.977,statute,AS 25.24.977,False,fabricated_statute,False,hit,,
doc-0180,Civil Rule 911(f),rule,civ 911(f),False,fabricated_rule,False,hit,,
doc-0180,"Halvers v. Pruitt, 342 P.3d 932 (Alaska 2000)",case,342 P.3d 932,False,fabricated_case,False,hit,,
doc-0180,AS 25.24.170(b),statute,AS 25.24.170(b),True,genuine,False,hit,,
doc-0180,AS 25.27.060(a),statute,AS 25.27.060(a),True,genuine,False,hit,,
doc-0180,Civil Rule 90.3,rule,civ 90.3,True,genuine,False,hit,,
doc-0180,Civil Rule 90.3(b),rule,civ 90.3(b),True,genuine,False,hit,,
doc-0180,Civil Rule 90.3(a),rule,civ 90.3(a),True,genuine,False,hit,,
doc-0180,Civil Rule 90.3(c),rule,civ 90.3(c),True,genuine,False,hit,,
doc-0180,"Mitchell v. Mitchell, 370 P.3d 1070 (Alaska 2016)",case,370 P.3d 1070,True,genuine,False,hit,,
doc-0180,"Nicholas Ryan Dunn v. Dakota Christine Jones, 451 P.3d 375 (Alaska 2019)",case,451 P.3d 375,True,genuine,False,hit,,
doc-0180,"Curley v. Curley, 588 P.2d 289 (Alaska 1979)",case,588 P.2d 289,True,genuine,False,hit,,
doc-0180,"Headlough v. Headlough, 639 P.2d 1010 (Alaska 1982)",case,639 P.2d 1010,True,genuine,False,hit,,
doc-0180,"Holmes v. Holmes, 414 P.3d 662 (Alaska 2018)",case,414 P.3d 662,True,genuine,False,hit,,
doc-0180,"Wilhour v. Wilhour, 308 P.3d 884 (Alaska 2013)",case,308 P.3d 884,True,genuine,False,hit,,
doc-0181,Civil Rule 982,rule,civ 982,False,fabricated_rule,False,hit,,
doc-0181,Civil Rule 936(f),rule,civ 936(f),False,fabricated_rule,False,hit,,
doc-0181,"In Peter Chapman v. Julia Chapman, 525 P.3d 281 (Alaska 2025)",case,525 P.3d 281,False,wrong_reporter,True,hit,,
doc-0181,AS 25.24.170,statute,AS 25.24.170,True,genuine,False,hit,,
doc-0181,AS 25.20.110(a),statute,AS 25.20.110(a),True,genuine,False,hit,,
doc-0181,AS 25.27.060,statute,AS 25.27.060,True,genuine,False,hit,,
doc-0181,AS 25.20.110,statute,AS 25.20.110,True,genuine,False,hit,,
doc-0181,Civil Rule 90.3(h),rule,civ 90.3(h),True,genuine,False,hit,,
doc-0181,Civil Rule 90.3(a),rule,civ 90.3(a),True,genuine,False,hit,,
doc-0181,Civil Rule 90.3(b),rule,civ 90.3(b),True,genuine,False,hit,,
doc-0181,"Mitchell v. Mitchell, 370 P.3d 1070 (Alaska 2016)",case,370 P.3d 1070,True,genuine,False,hit,,
doc-0181,"Shanigan v. Shanigan, 386 P.3d 1238 (Alaska 2017)",case,386 P.3d 1238,True,genuine,False,hit,,
doc-0181,"Holmes v. Holmes, 414 P.3d 662 (Alaska 2018)",case,414 P.3d 662,True,genuine,False,hit,,
doc-0181,"In Shanigan v. Shanigan, 386 P.3d 1238 (Alaska 2017)",case,386 P.3d 1238,True,genuine,True,hit,,
doc-0181,"In Holmes v. Holmes, 414 P.3d 662 (Alaska 2018)",case,414 P.3d 662,True,genuine,True,hit,,
doc-0181,"Flannery v. Flannery, 950 P.2d 126 (Alaska 1997)",case,950 P.2d 126,True,genuine,False,hit,,
doc-0182,"Corbeau v. Dietrich, 534 P.3d 403 (Alaska 2019)",case,534 P.3d 403,False,fabricated_case,False,hit,,
doc-0182,AS 25.24.950,statute,AS 25.24.950,False,fabricated_statute,False,hit,,
doc-0182,AS 25.24.920,statute,AS 25.24.920,False,fabricated_statute,False,hit,,
doc-0182,AS 25.24.170,statute,AS 25.24.170,True,genuine,False,hit,,
doc-0182,AS 25.24.170(b),statute,AS 25.24.170(b),True,genuine,False,hit,,
doc-0182,AS 25.27.062(a),statute,AS 25.27.062(a),True,genuine,False,hit,,
doc-0182,AS 25.27.062(b),statute,AS 25.27.062(b),True,genuine,False,hit,,
doc-0182,AS 25.27.062(g),statute,AS 25.27.062(g),True,genuine,False,hit,,
doc-0182,AS 25.27.200,statute,AS 25.27.200,True,genuine,False,hit,,
doc-0182,AS 25.27.062,statute,AS 25.27.062,True,genuine,False,hit,,
doc-0182,Civil Rule 90.3(a),rule,civ 90.3(a),True,genuine,False,hit,,
doc-0182,Rule 90.3,rule,civ 90.3,True,genuine,False,hit,,
doc-0182,Civil Rule 90.3,rule,civ 90.3,True,genuine,False,hit,,
doc-0182,Civil Rule 90.3(c),rule,civ 90.3(c),True,genuine,False,hit,,
doc-0182,"Mitchell v. Mitchell, 370 P.3d 1070 (Alaska 2016)",case,370 P.3d 1070,True,genuine,False,hit,,
doc-0182,"Christopher D. v. Krislyn D., 426 P.3d 1118 (Alaska 2018)",case,426 P.3d 1118,True,genuine,False,hit,,
doc-0182,"Berkbigler v. Berkbigler, 921 P.2d 628 (Alaska 1996)",case,921 P.2d 628,True,genuine,False,hit,,
doc-0182,"See Richardson v. Kohlin, 175 P.3d 43 (Alaska 2008)",case,175 P.3d 43,True,genuine,True,hit,,
doc-0182,"Peter Chapman v. Julia Chapman, 563 P.3d 1155 (Alaska 2025)",case,563 P.3d 1155,True,genuine,False,hit,,
doc-0182,"In Christopher D. v. Krislyn D., 426 P.3d 1118 (Alaska 2018)",case,426 P.3d 1118,True,genuine,True,hit,,
doc-0182,"In Berkbigler v. Berkbigler, 921 P.2d 628 (Alaska 1996)",case,921 P.2d 628,True,genuine,True,hit,,
doc-0182,"Skinner v. Hagberg, 183 P.3d 486 (Alaska 2008)",case,183 P.3d 486,True,genuine,False,hit,,
doc-0183,AS 25.20.110(a),statute,AS 25.20.110(a),True,genuine,False,hit,,
doc-0183,AS 25.24.170,statute,AS 25.24.170,True,genuine,False,hit,,
doc-0183,AS 25.27.062(a),statute,AS 25.27.062(a),True,genuine,False,hit,,
doc-0183,AS 25.27.060(a),statute,AS 25.27.060(a),True,genuine,False,hit,,
doc-0183,AS 25.25.205(a),statute,AS 25.25.205(a),True,genuine,False,hit,,
doc-0183,AS 25.27.062,statute,AS 25.27.062,True,genuine,False,hit,,
doc-0183,Civil Rule 90.3,rule,civ 90.3,True,genuine,False,hit,,
doc-0183,Civil Rule 90.3(a),rule,civ 90.3(a),True,genuine,False,hit,,
doc-0183,Civil Rule 90.3(b),rule,civ 90.3(b),True,genuine,False,hit,,
doc-0183,Rule 90.3,rule,civ 90.3,True,genuine,False,hit,,
doc-0183,Rule 90.3(a),rule,civ 90.3(a),True,genuine,False,hit,,
doc-0183,"Mitchell v. Mitchell, 370 P.3d 1070 (Alaska 2016)",case,370 P.3d 1070,True,genuine,False,hit,,
doc-0183,"Richardson v. Kohlin, 175 P.3d 43 (Alaska 2008)",case,175 P.3d 43,True,genuine,False,hit,,
doc-0183,"Peter Chapman v. Julia Chapman, 563 P.3d 1155 (Alaska 2025)",case,563 P.3d 1155,True,genuine,False,hit,,
doc-0183,"In Peter Chapman v. Julia Chapman, 563 P.3d 1155 (Alaska 2025)",case,563 P.3d 1155,True,genuine,True,hit,,
doc-0183,"Flannery v. Flannery, 950 P.2d 126 (Alaska 1997)",case,950 P.2d 126,True,genuine,False,hit,,
doc-0184,AS 25.24.170(a),statute,AS 25.24.170(a),True,genuine,False,hit,,
doc-0184,AS 25.20.110(a),statute,AS 25.20.110(a),True,genuine,False,hit,,
doc-0184,AS 25.20.110,statute,AS 25.20.110,True,genuine,False,hit,,
doc-0184,Civil Rule 90.3,rule,civ 90.3,True,genuine,False,hit,,
doc-0184,Civil Rule 90.3(a),rule,civ 90.3(a),True,genuine,False,hit,,
doc-0184,Rule 90.3(a),rule,civ 90.3(a),True,genuine,False,hit,,
doc-0184,Rule 90.3,rule,civ 90.3,True,genuine,False,hit,,
doc-0184,"See Hixson v. Sarkesian, 123 P.3d 1072 (Alaska 2005)",case,123 P.3d 1072,True,genuine,True,hit,,
doc-0184,"Shanigan v. Shanigan, 386 P.3d 1238 (Alaska 2017)",case,386 P.3d 1238,True,genuine,False,hit,,
doc-0184,"In Shanigan v. Shanigan, 386 P.3d 1238 (Alaska 2017)",case,386 P.3d 1238,True,genuine,True,hit,,
doc-0184,"In Hixson v. Sarkesian, 123 P.3d 1072 (Alaska 2005)",case,123 P.3d 1072,True,genuine,True,hit,,
doc-0184,"In Holmes v. Holmes, 414 P.3d 662 (Alaska 2018)",case,414 P.3d 662,True,genuine,True,hit,,
doc-0184,"Swaney v. Granger, 297 P.3d 132 (Alaska 2013)",case,297 P.3d 132,True,genuine,False,hit,,
doc-0184,"Gorton v. Mann, 281 P.3d 81 (Alaska 2012)",case,281 P.3d 81,True,genuine,False,hit,,
doc-0184,"Peter Chapman v. Julia Chapman, 563 P.3d 1155 (Alaska 2025)",case,563 P.3d 1155,True,genuine,False,hit,,
doc-0184,"Richardson v. Kohlin, 175 P.3d 43 (Alaska 2008)",case,175 P.3d 43,True,genuine,False,hit,,
doc-0184,"Berkbigler v. Berkbigler, 921 P.2d 628 (Alaska 1996)",case,921 P.2d 628,True,genuine,False,hit,,
doc-0185,AS 25.24.170,statute,AS 25.24.170,True,genuine,False,hit,,
doc-0185,AS 25.27.062,statute,AS 25.27.062,True,genuine,False,hit,,
doc-0185,AS 25.27.062(a),statute,AS 25.27.062(a),True,genuine,False,hit,,
doc-0185,AS 25.27.070,statute,AS 25.27.070,True,genuine,False,hit,,
doc-0185,AS 25.27.062(g),statute,AS 25.27.062(g),True,genuine,False,hit,,
doc-0185,Civil Rule 90.3,rule,civ 90.3,True,genuine,False,hit,,
doc-0185,Civil Rule 90.3(a),rule,civ 90.3(a),True,genuine,False,hit,,
doc-0185,Rule 90.3,rule,civ 90.3,True,genuine,False,hit,,
doc-0185,Rule 90.3(a),rule,civ 90.3(a),True,genuine,False,hit,,
doc-0185,Alaska R. Evid. 201(d),rule,evid 201(d),True,genuine,False,hit,,
doc-0185,"Bunn v. House, 934 P.2d 753 (Alaska 1997)",case,934 P.2d 753,True,genuine,False,hit,,
doc-0185,"Shanigan v. Shanigan, 386 P.3d 1238 (Alaska 2017)",case,386 P.3d 1238,True,genuine,False,hit,,
doc-0185,"Peter Chapman v. Julia Chapman, 563 P.3d 1155 (Alaska 2025)",case,563 P.3d 1155,True,genuine,False,hit,,
doc-0185,"Swaney v. Granger, 297 P.3d 132 (Alaska 2013)",case,297 P.3d 132,True,genuine,False,hit,,
doc-0186,AS 25.20.960,statute,AS 25.20.960,False,fabricated_statute,False,hit,,
doc-0186,AS 25.20.919,statute,AS 25.20.919,False,fabricated_statute,False,hit,,
doc-0186,AS 25.24.170(a),statute,AS 25.24.170(a),True,genuine,False,hit,,
doc-0186,AS 25.24.170(b),statute,AS 25.24.170(b),True,genuine,False,hit,,
doc-0186,AS 25.27.062(a),statute,AS 25.27.062(a),True,genuine,False,hit,,
doc-0186,AS 25.27.060(c),statute,AS 25.27.060(c),True,genuine,False,hit,,
doc-0186,AS 25.20.115,statute,AS 25.20.115,True,genuine,False,hit,,
doc-0186,AS 25.27.062,statute,AS 25.27.062,True,genuine,False,hit,,
doc-0186,Civil Rule 90.3,rule,civ 90.3,True,genuine,False,hit,,
doc-0186,Civil Rule 90.3(a),rule,civ 90.3(a),True,genuine,False,hit,,
doc-0186,Rule 90.3(a),rule,civ 90.3(a),True,genuine,False,hit,,
doc-0186,Civil Rule 90.3(f),rule,civ 90.3(f),True,genuine,False,hit,,
doc-0186,Civil Rule 90.3(b),rule,civ 90.3(b),True,genuine,False,hit,,
doc-0186,Rule 90.3,rule,civ 90.3,True,genuine,False,hit,,
doc-0186,Alaska R. Evid. 201(d),rule,evid 201(d),True,genuine,False,hit,,
doc-0186,"In Berkbigler v. Berkbigler, 921 P.2d 628 (Alaska 1996)",case,921 P.2d 628,True,genuine,True,hit,,
doc-0186,"In Shanigan v. Shanigan, 386 P.3d 1238 (Alaska 2017)",case,386 P.3d 1238,True,genuine,True,hit,,
doc-0186,"In Bunn v. House, 934 P.2d 753 (Alaska 1997)",case,934 P.2d 753,True,genuine,True,hit,,
doc-0186,"In Peter Chapman v. Julia Chapman, 563 P.3d 1155 (Alaska 2025)",case,563 P.3d 1155,True,genuine,True,hit,,
doc-0186,"In Holmes v. Holmes, 414 P.3d 662 (Alaska 2018)",case,414 P.3d 662,True,genuine,True,hit,,
doc-0186,"Hixson v. Sarkesian, 123 P.3d 1072 (Alaska 2005)",case,123 P.3d 1072,True,genuine,False,hit,,
doc-0186,"Swaney v. Granger, 297 P.3d 132 (Alaska 2013)",case,297 P.3d 132,True,genuine,False,hit,,
doc-0186,"Shanigan v. Shanigan, 386 P.3d 1238 (Alaska 2017)",case,386 P.3d 1238,True,genuine,False,hit,,
doc-0187,AS 25.24.170(a),statute,AS 25.24.170(a),True,genuine,False,hit,,
doc-0187,AS 25.20.110(a),statute,AS 25.20.110(a),True,genuine,False,hit,,
doc-0187,Civil Rule 90.3(a),rule,civ 90.3(a),True,genuine,False,hit,,
doc-0187,Civil Rule 90.3,rule,civ 90.3,True,genuine,False,hit,,
doc-0187,Rule 90.3(a),rule,civ 90.3(a),True,genuine,False,hit,,
doc-0187,Alaska R. Evid. 401,rule,evid 401,True,genuine,False,hit,,
doc-0187,Alaska R. Evid. 201(d),rule,evid 201(d),True,genuine,False,hit,,
doc-0187,"Child Support Enforcement Division v. Bromley, 987 P.2d 183 (Alaska 1999)",case,987 P.2d 183,True,genuine,False,hit,,
doc-0187,"Berkbigler v. Berkbigler, 921 P.2d 628 (Alaska 1996)",case,921 P.2d 628,True,genuine,False,hit,,
doc-0187,"Kelly v. Joseph, 46 P.3d 1014 (Alaska 2002)",case,46 P.3d 1014,True,genuine,False,hit,,
doc-0187,"Mitchell v. Mitchell, 370 P.3d 1070 (Alaska 2016)",case,370 P.3d 1070,True,genuine,False,hit,,
doc-0187,"Shanigan v. Shanigan, 386 P.3d 1238 (Alaska 2017)",case,386 P.3d 1238,True,genuine,False,hit,,
doc-0187,"Bunn v. House, 934 P.2d 753 (Alaska 1997)",case,934 P.2d 753,True,genuine,False,hit,,
doc-0187,"Holmes v. Holmes, 414 P.3d 662 (Alaska 2018)",case,414 P.3d 662,True,genuine,False,hit,,
doc-0187,"Peter Chapman v. Julia Chapman, 563 P.3d 1155 (Alaska 2025)",case,563 P.3d 1155,True,genuine,False,hit,,
doc-0188,AS 25.24.170(a),statute,AS 25.24.170(a),True,genuine,False,hit,,
doc-0188,AS 25.20.110(a),statute,AS 25.20.110(a),True,genuine,False,hit,,
doc-0188,Civil Rule 90.3,rule,civ 90.3,True,genuine,False,hit,,
doc-0188,Civil Rule 90.3(h),rule,civ 90.3(h),True,genuine,False,hit,,
doc-0188,Civil Rule 90.3(a),rule,civ 90.3(a),True,genuine,False,hit,,
doc-0188,Rule 90.3,rule,civ 90.3,True,genuine,False,hit,,
doc-0188,Rule 90.3(a),rule,civ 90.3(a),True,genuine,False,hit,,
doc-0188,"Holmes v. Holmes, 414 P.3d 662 (Alaska 2018)",case,414 P.3d 662,True,genuine,False,hit,,
doc-0188,"Bunn v. House, 934 P.2d 753 (Alaska 1997)",case,934 P.2d 753,True,genuine,False,hit,,
doc-0188,"Nicholas Ryan Dunn v. Dakota Christine Jones, 451 P.3d 375 (Alaska 2019)",case,451 P.3d 375,True,genuine,False,hit,,
doc-0188,"Shanigan v. Shanigan, 386 P.3d 1238 (Alaska 2017)",case,386 P.3d 1238,True,genuine,False,hit,,
doc-0188,"Peter Chapman v. Julia Chapman, 563 P.3d 1155 (Alaska 2025)",case,563 P.3d 1155,True,genuine,False,hit,,
doc-0188,"Berkbigler v. Berkbigler, 921 P.2d 628 (Alaska 1996)",case,921 P.2d 628,True,genuine,False,hit,,
doc-0189,Civil Rule 967(a),rule,civ 967(a),False,fabricated_rule,False,hit,,
doc-0189,Rule 978,rule,civ 978,False,fabricated_rule,False,lenient_hit,subsection differs,
doc-0189,Civil Rule 966(f),rule,civ 966(f),False,fabricated_rule,False,hit,,
doc-0189,AS 25.20.110(a),statute,AS 25.20.110(a),True,genuine,False,hit,,
doc-0189,AS 25.24.170(a),statute,AS 25.24.170(a),True,genuine,False,hit,,
doc-0189,AS 25.30.310(a),statute,AS 25.30.310(a),True,genuine,False,hit,,
doc-0189,AS 25.25.205(a),statute,AS 25.25.205(a),True,genuine,False,hit,,
doc-0189,Civil Rule 90.3(b),rule,civ 90.3(b),True,genuine,False,hit,,
doc-0189,Civil Rule 90.3,rule,civ 90.3,True,genuine,False,hit,,
doc-0189,"Shanigan v. Shanigan, 386 P.3d 1238 (Alaska 2017)",case,386 P.3d 1238,True,genuine,False,hit,,
doc-0189,"Nicholas Ryan Dunn v. Dakota Christine Jones, 451 P.3d 375 (Alaska 2019)",case,451 P.3d 375,True,genuine,False,hit,,
doc-0189,"Holmes v. Holmes, 414 P.3d 662 (Alaska 2018)",case,414 P.3d 662,True,genuine,False,hit,,
doc-0189,"Marine v. Marine, 957 P.2d 314 (Alaska 1998)",case,957 P.2d 314,True,genuine,False,hit,,
doc-0189,"Richardson v. Kohlin, 175 P.3d 43 (Alaska 2008)",case,175 P.3d 43,True,genuine,False,hit,,
doc-0189,"Kelly v. Joseph, 46 P.3d 1014 (Alaska 2002)",case,46 P.3d 1014,True,genuine,False,hit,,
doc-0190,Civil Rule 900(h),rule,civ 900(h),False,fabricated_rule,False,hit,,
doc-0190,AS 25.24.934,statute,AS 25.24.934,False,fabricated_statute,False,hit,,
doc-0190,AS 25.27.987,statute,AS 25.27.987,False,fabricated_statute,False,hit,,
doc-0190,AS 25.20.110,statute,AS 25.20.110,True,genuine,False,hit,,
doc-0190,AS 25.27.060(a),statute,AS 25.27.060(a),True,genuine,False,hit,,
doc-0190,AS 25.27.062,statute,AS 25.27.062,True,genuine,False,hit,,
doc-0190,AS 25.27.062(a),statute,AS 25.27.062(a),True,genuine,False,hit,,
doc-0190,Civil Rule 90.3(a),rule,civ 90.3(a),True,genuine,False,hit,,
doc-0190,Rule 90.3,rule,civ 90.3,True,genuine,False,hit,,
doc-0190,Rule 90.3(a),rule,civ 90.3(a),True,genuine,False,hit,,
doc-0190,"Holmes v. Holmes, 414 P.3d 662 (Alaska 2018)",case,414 P.3d 662,True,genuine,False,hit,,
doc-0190,"Bunn v. House, 934 P.2d 753 (Alaska 1997)",case,934 P.2d 753,True,genuine,False,hit,,
doc-0190,"Berkbigler v. Berkbigler, 921 P.2d 628 (Alaska 1996)",case,921 P.2d 628,True,genuine,False,hit,,
doc-0190,"Shanigan v. Shanigan, 386 P.3d 1238 (Alaska 2017)",case,386 P.3d 1238,True,genuine,False,hit,,
doc-0190,"See Shanigan v. Shanigan, 386 P.3d 1238 (Alaska 2017)",case,386 P.3d 1238,True,genuine,True,hit,,
doc-0190,"Peter Chapman v. Julia Chapman, 563 P.3d 1155 (Alaska 2025)",case,563 P.3d 1155,True,genuine,False,hit,,
doc-0190,"Hixson v. Sarkesian, 123 P.3d 1072 (Alaska 2005)",case,123 P.3d 1072,True,genuine,False,hit,,
doc-0191,AS 25.24.170(a),statute,AS 25.24.170(a),True,genuine,False,hit,,
doc-0191,AS 25.27.190(e),statute,AS 25.27.190(e),True,genuine,False,hit,,
doc-0191,AS 25.24.150(c),statute,AS 25.24.150(c),True,genuine,False,hit,,
doc-0191,AS 25.24.170(b),statute,AS 25.24.170(b),True,genuine,False,hit,,
doc-0191,AS 25.27.060(c),statute,AS 25.27.060(c),True,genuine,False,hit,,
doc-0191,AS 25.27.060,statute,AS 25.27.060,True,genuine,False,hit,,
doc-0191,AS 25.27.062,statute,AS 25.27.062,True,genuine,False,hit,,
doc-0191,AS 25.27.062(a),statute,AS 25.27.062(a),True,genuine,False,hit,,
doc-0191,AS 25.20.110(b),statute,AS 25.20.110(b),True,genuine,False,hit,,
doc-0191,Civil Rule 90.3(a),rule,civ 90.3(a),True,genuine,False,hit,,
doc-0191,Civil Rule 90.3,rule,civ 90.3,True,genuine,False,hit,,
doc-0191,Civil Rule 90.3(c),rule,civ 90.3(c),True,genuine,False,hit,,
doc-0191,"Bunn v. House, 934 P.2d 753 (Alaska 1997)",case,934 P.2d 753,True,genuine,False,hit,,
doc-0191,"Holmes v. Holmes, 414 P.3d 662 (Alaska 2018)",case,414 P.3d 662,True,genuine,False,hit,,
doc-0191,"Flannery v. Flannery, 950 P.2d 126 (Alaska 1997)",case,950 P.2d 126,True,genuine,False,hit,,
doc-0191,"Child Support Enforcement Division v. Bromley, 987 P.2d 183 (Alaska 1999)",case,987 P.2d 183,True,genuine,False,hit,,
doc-0191,"Headlough v. Headlough, 639 P.2d 1010 (Alaska 1982)",case,639 P.2d 1010,True,genuine,False,hit,,
doc-0191,"Wilhour v. Wilhour, 308 P.3d 884 (Alaska 2013)",case,308 P.3d 884,True,genuine,False,hit,,
doc-0191,"Peter Chapman v. Julia Chapman, 563 P.3d 1155 (Alaska 2025)",case,563 P.3d 1155,True,genuine,False,hit,,
doc-0192,AS 25.20.110(a),statute,AS 25.20.110(a),True,genuine,False,hit,,
doc-0192,AS 25.24.170(a),statute,AS 25.24.170(a),True,genuine,False,hit,,
doc-0192,AS 25.27.060(c),statute,AS 25.27.060(c),True,genuine,False,hit,,
doc-0192,AS 25.27.062(a),statute,AS 25.27.062(a),True,genuine,False,hit,,
doc-0192,Civil Rule 90.3,rule,civ 90.3,True,genuine,False,hit,,
doc-0192,Civil Rule 90.3(b),rule,civ 90.3(b),True,genuine,False,hit,,
doc-0192,Civil Rule 90.3(a),rule,civ 90.3(a),True,genuine,False,hit,,
doc-0192,Rule 90.3,rule,civ 90.3,True,genuine,False,hit,,
doc-0192,Alaska R. Evid. 201(b),rule,evid 201(b),True,genuine,False,hit,,
doc-0192,Alaska R. Evid. 201(d),rule,evid 201(d),True,genuine,False,hit,,
doc-0192,Rule 90.3(a),rule,civ 90.3(a),True,genuine,False,hit,,
doc-0192,"Shanigan v. Shanigan, 386 P.3d 1238 (Alaska 2017)",case,386 P.3d 1238,True,genuine,False,hit,,
doc-0192,"Swaney v. Granger, 297 P.3d 132 (Alaska 2013)",case,297 P.3d 132,True,genuine,False,hit,,
doc-0192,"Holmes v. Holmes, 414 P.3d 662 (Alaska 2018)",case,414 P.3d 662,True,genuine,False,hit,,
doc-0192,"Bunn v. House, 934 P.2d 753 (Alaska 1997)",case,934 P.2d 753,True,genuine,False,hit,,
doc-0192,"Richardson v. Kohlin, 175 P.3d 43 (Alaska 2008)",case,175 P.3d 43,True,genuine,False,hit,,
doc-0193,Civil Rule 921(a),rule,civ 921(a),False,fabricated_rule,False,hit,,
doc-0193,Civil Rule 909(a),rule,civ 909(a),False,fabricated_rule,False,hit,,
doc-0193,Civil Rule 983(a),rule,civ 983(a),False,fabricated_rule,False,hit,,
doc-0193,AS 25.24.170,statute,AS 25.24.170,True,genuine,False,hit,,
doc-0193,AS 25.24.170(a),statute,AS 25.24.170(a),True,genuine,False,hit,,
doc-0193,Civil Rule 90.3(h),rule,civ 90.3(h),True,genuine,False,hit,,
doc-0193,Civil Rule 90.3,rule,civ 90.3,True,genuine,False,hit,,
doc-0193,"Bunn v. House, 934 P.2d 753 (Alaska 1997)",case,934 P.2d 753,True,genuine,False,hit,,
doc-0193,"Shanigan v. Shanigan, 386 P.3d 1238 (Alaska 2017)",case,386 P.3d 1238,True,genuine,False,hit,,
doc-0193,"Bergstrom v. Lindback, 779 P.2d 1235 (Alaska 1989)",case,779 P.2d 1235,True,genuine,False,hit,,
doc-0193,"Tillmon v. Tillmon, 189 P.3d 1022 (Alaska 2008)",case,189 P.3d 1022,True,genuine,False,hit,,
doc-0193,"Peter Chapman v. Julia Chapman, 563 P.3d 1155 (Alaska 2025)",case,563 P.3d 1155,True,genuine,False,hit,,
doc-0193,"Child Support Enforcement Division v. Bromley, 987 P.2d 183 (Alaska 1999)",case,987 P.2d 183,True,genuine,False,hit,,
doc-0194,Civil Rule 903(a),rule,civ 903(a),False,fabricated_rule,False,hit,,
doc-0194,Civil Rule 906,rule,civ 906,False,fabricated_rule,False,hit,,
doc-0194,AS 25.24.927,statute,AS 25.24.927,False,fabricated_statute,False,hit,,
doc-0194,AS 25.24.170(b),statute,AS 25.24.170(b),True,genuine,False,hit,,
doc-0194,AS 25.27.062(a),statute,AS 25.27.062(a),True,genuine,False,hit,,
doc-0194,AS 25.24.170,statute,AS 25.24.170,True,genuine,False,hit,,
doc-0194,Civil Rule 90.3(b),rule,civ 90.3(b),True,genuine,False,hit,,
doc-0194,Rule 90.3(a),rule,civ 90.3(a),True,genuine,False,hit,,
doc-0194,Alaska R. Evid. 401,rule,evid 401,True,genuine,False,hit,,
doc-0194,"Bunn v. House, 934 P.2d 753 (Alaska 1997)",case,934 P.2d 753,True,genuine,False,hit,,
doc-0194,"In Bunn v. House, 934 P.2d 753 (Alaska 1997)",case,934 P.2d 753,True,genuine,True,hit,,
doc-0194,"Shanigan v. Shanigan, 386 P.3d 1238 (Alaska 2017)",case,386 P.3d 1238,True,genuine,False,hit,,
doc-0195,AS 25.20.941,statute,AS 25.20.941,False,fabricated_statute,False,hit,,
doc-0195,Civil Rule 964,rule,civ 964,False,fabricated_rule,False,hit,,
doc-0195,AS 25.27.060(a),statute,AS 25.27.060(a),True,genuine,False,hit,,
doc-0195,AS 25.27.060(c),statute,AS 25.27.060(c),True,genuine,False,hit,,
doc-0195,Civil Rule 90.3(a),rule,civ 90.3(a),True,genuine,False,hit,,
doc-0195,Civil Rule 90.3(b),rule,civ 90.3(b),True,genuine,False,hit,,
doc-0195,Rule 90.3,rule,civ 90.3,True,genuine,False,hit,,
doc-0195,"Mitchell v. Mitchell, 370 P.3d 1070 (Alaska 2016)",case,370 P.3d 1070,True,genuine,False,hit,,
doc-0195,"Swaney v. Granger, 297 P.3d 132 (Alaska 2013)",case,297 P.3d 132,True,genuine,False,hit,,
doc-0195,"Peter Chapman v. Julia Chapman, 563 P.3d 1155 (Alaska 2025)",case,563 P.3d 1155,True,genuine,False,hit,,
doc-0195,"Holmes v. Holmes, 414 P.3d 662 (Alaska 2018)",case,414 P.3d 662,True,genuine,False,hit,,
doc-0195,"Ferguson v. Ferguson, 195 P.3d 127 (Alaska 2008)",case,195 P.3d 127,True,genuine,False,hit,,
doc-0196,Civil Rule 934(a),rule,civ 934(a),False,fabricated_rule,False,hit,,
doc-0196,Rule 964,rule,civ 964,False,fabricated_rule,False,hit,,
doc-0196,Civil Rule 991(a),rule,civ 991(a),False,fabricated_rule,False,hit,,
doc-0196,AS 25.24.170(a),statute,AS 25.24.170(a),True,genuine,False,hit,,
doc-0196,AS 25.27.190(e),statute,AS 25.27.190(e),True,genuine,False,hit,,
doc-0196,AS 25.27.062,statute,AS 25.27.062,True,genuine,False,hit,,
doc-0196,AS 25.27.062(a),statute,AS 25.27.062(a),True,genuine,False,hit,,
doc-0196,AS 25.27.062(g),statute,AS 25.27.062(g),True,genuine,False,hit,,
doc-0196,Civil Rule 90.3,rule,civ 90.3,True,genuine,False,hit,,
doc-0196,Civil Rule 90.3(b),rule,civ 90.3(b),True,genuine,False,hit,,
doc-0196,Rule 90.3(a),rule,civ 90.3(a),True,genuine,False,hit,,
doc-0196,Rule 90.3(b),rule,civ 90.3(b),True,genuine,False,hit,,
doc-0196,"Shanigan v. Shanigan, 386 P.3d 1238 (Alaska 2017)",case,386 P.3d 1238,True,genuine,False,hit,,
doc-0196,"Mitchell v. Mitchell, 370 P.3d 1070 (Alaska 2016)",case,370 P.3d 1070,True,genuine,False,hit,,
doc-0196,"Flannery v. Flannery, 950 P.2d 126 (Alaska 1997)",case,950 P.2d 126,True,genuine,False,hit,,
doc-0196,"Peter Chapman v. Julia Chapman, 563 P.3d 1155 (Alaska 2025)",case,563 P.3d 1155,True,genuine,False,hit,,
doc-0197,AS 25.20.110(a),statute,AS 25.20.110(a),True,genuine,False,hit,,
doc-0197,AS 25.24.170(a),statute,AS 25.24.170(a),True,genuine,False,hit,,
doc-0197,AS 25.24.170(b),statute,AS 25.24.170(b),True,genuine,False,hit,,
doc-0197,AS 25.27.062(a),statute,AS 25.27.062(a),True,genuine,False,hit,,
doc-0197,AS 25.27.070(a),statute,AS 25.27.070(a),True,genuine,False,hit,,
doc-0197,AS 25.27.070,statute,AS 25.27.070,True,genuine,False,hit,,
doc-0197,AS 25.27.070(c),statute,AS 25.27.070(c),True,genuine,False,hit,,
doc-0197,Civil Rule 90.3,rule,civ 90.3,True,genuine,False,hit,,
doc-0197,Rule 90.3,rule,civ 90.3,True,genuine,False,hit,,
doc-0197,Civil Rule 90.3(a),rule,civ 90.3(a),True,genuine,False,hit,,
doc-0197,Rule 90.3(a),rule,civ 90.3(a),True,genuine,False,hit,,
doc-0197,"Shanigan v. Shanigan, 386 P.3d 1238 (Alaska 2017)",case,386 P.3d 1238,True,genuine,False,hit,,
doc-0197,"Wilhour v. Wilhour, 308 P.3d 884 (Alaska 2013)",case,308 P.3d 884,True,genuine,False,hit,,
doc-0197,"Swaney v. Granger, 297 P.3d 132 (Alaska 2013)",case,297 P.3d 132,True,genuine,False,hit,,
doc-0197,"Flannery v. Flannery, 950 P.2d 126 (Alaska 1997)",case,950 P.2d 126,True,genuine,False,hit,,
doc-0197,"Holmes v. Holmes, 414 P.3d 662 (Alaska 2018)",case,414 P.3d 662,True,genuine,False,hit,,
doc-0197,"Berkbigler v. Berkbigler, 921 P.2d 628 (Alaska 1996)",case,921 P.2d 628,True,genuine,False,hit,,
doc-0197,"Koller v. Reft, 71 P.3d 800 (Alaska 2003)",case,71 P.3d 800,True,genuine,False,hit,,
doc-0198,AS 25.24.900,statute,AS 25.24.900,False,fabricated_statute,False,hit,,
doc-0198,AS 25.27.914,statute,AS 25.27.914,False,fabricated_statute,False,hit,,
doc-0198,Civil Rule 953(b),rule,civ 953(b),False,fabricated_rule,False,hit,,
doc-0198,AS 25.20.110,statute,AS 25.20.110,True,genuine,False,hit,,
doc-0198,AS 25.27.062(a),statute,AS 25.27.062(a),True,genuine,False,hit,,
doc-0198,AS 25.27.062(m),statute,AS 25.27.062(m),True,genuine,False,hit,,
doc-0198,Civil Rule 90.3,rule,civ 90.3,True,genuine,False,hit,,
doc-0198,Civil Rule 90.3(a),rule,civ 90.3(a),True,genuine,False,hit,,
doc-0198,Civil Rule 90.3(f),rule,civ 90.3(f),True,genuine,False,hit,,
doc-0198,"Shanigan v. Shanigan, 386 P.3d 1238 (Alaska 2017)",case,386 P.3d 1238,True,genuine,False,hit,,
doc-0198,"Yerrington v. Yerrington, 933 P.2d 555 (Alaska 1997)",case,933 P.2d 555,True,genuine,False,hit,,
doc-0198,"Flannery v. Flannery, 950 P.2d 126 (Alaska 1997)",case,950 P.2d 126,True,genuine,False,hit,,
doc-0198,"Holmes v. Holmes, 414 P.3d 662 (Alaska 2018)",case,414 P.3d 662,True,genuine,False,hit,,
doc-0198,"Peter Chapman v. Julia Chapman, 563 P.3d 1155 (Alaska 2025)",case,563 P.3d 1155,True,genuine,False,hit,,
doc-0198,"Ronny M. v. Nanette H., 303 P.3d 392 (Alaska 2013)",case,303 P.3d 392,True,genuine,False,hit,,
doc-0198,"Kelly v. Joseph, 46 P.3d 1014 (Alaska 2002)",case,46 P.3d 1014,True,genuine,False,hit,,
doc-0199,AS 25.20.110(a),statute,AS 25.20.110(a),True,genuine,False,hit,,
doc-0199,AS 25.24.170(a),statute,AS 25.24.170(a),True,genuine,False,hit,,
doc-0199,AS 25.27.062(a),statute,AS 25.27.062(a),True,genuine,False,hit,,
doc-0199,Civil Rule 90.3,rule,civ 90.3,True,genuine,False,hit,,
doc-0199,Civil Rule 90.3(a),rule,civ 90.3(a),True,genuine,False,hit,,
doc-0199,Civil Rule 90.3(b),rule,civ 90.3(b),True,genuine,False,hit,,
doc-0199,Alaska R. Evid. 201(d),rule,evid 201(d),True,genuine,False,hit,,
doc-0199,"Bunn v. House, 934 P.2d 753 (Alaska 1997)",case,934 P.2d 753,True,genuine,False,hit,,
doc-0199,"Holmes v. Holmes, 414 P.3d 662 (Alaska 2018)",case,414 P.3d 662,True,genuine,False,hit,,
doc-0199,"Shanigan v. Shanigan, 386 P.3d 1238 (Alaska 2017)",case,386 P.3d 1238,True,genuine,False,hit,,
doc-0199,"Hixson v. Sarkesian, 123 P.3d 1072 (Alaska 2005)",case,123 P.3d 1072,True,genuine,False,hit,,
doc-0199,"Swaney v. Granger, 297 P.3d 132 (Alaska 2013)",case,297 P.3d 132,True,genuine,False,hit,,
doc-0199,"Peter Chapman v. Julia Chapman, 563 P.3d 1155 (Alaska 2025)",case,563 P.3d 1155,True,genuine,False,hit,,
doc-0200,AS 25.24.976,statute,AS 25.24.976,False,fabricated_statute,False,hit,,
doc-0200,Civil Rule 989(a),rule,civ 989(a),False,fabricated_rule,False,hit,,
doc-0200,Civil Rule 997(a),rule,civ 997(a),False,fabricated_rule,False,hit,,
doc-0200,AS 25.24.170(b),statute,AS 25.24.170(b),True,genuine,False,hit,,
doc-0200,AS 25.20.110(a),statute,AS 25.20.110(a),True,genuine,False,hit,,
doc-0200,AS 25.27.062(a),statute,AS 25.27.062(a),True,genuine,False,hit,,
doc-0200,Civil Rule 90.3,rule,civ 90.3,True,genuine,False,hit,,
doc-0200,Civil Rule 90.3(b),rule,civ 90.3(b),True,genuine,False,hit,,
doc-0200,Civil Rule 90.3(f),rule,civ 90.3(f),True,genuine,False,hit,,
doc-0200,"Shanigan v. Shanigan, 386 P.3d 1238 (Alaska 2017)",case,386 P.3d 1238,True,genuine,False,hit,,
doc-0200,"Peter Chapman v. Julia Chapman, 563 P.3d 1155 (Alaska 2025)",case,563 P.3d 1155,True,genuine,False,hit,,
doc-0200,"Holmes v. Holmes, 414 P.3d 662 (Alaska 2018)",case,414 P.3d 662,True,genuine,False,hit,,
doc-0200,"Ronny M. v. Nanette H., 303 P.3d 392 (Alaska 2013)",case,303 P.3d 392,True,genuine,False,hit,,
doc-0200,"Bunn v. House, 934 P.2d 753 (Alaska 1997)",case,934 P.2d 753,True,genuine,False,hit,,
